transcript_id	gene_symbol	logFC	logCPM	LR	PValue	FDR
ENST00000557182.5	NDRG2	-11.63366788	1.075012299	100.2134838	1.37E-23	9.11E-20
ENST00000556716.5	NDRG2	-7.384740311	-2.940162115	20.15536029	7.14E-06	0.00275337953
ENST00000556008.5	NDRG2	-17.1380085	6.56568234	871.3578746	1.65E-191	1.39E-186
ENST00000537526.6	USP22	-15.15954765	4.588150944	657.0830064	6.44E-145	4.07E-140
ENST00000443726.2	BCL11B	-15.29473826	4.723282668	622.4675762	2.17E-137	1.10E-132
ENST00000596046.1	RPS5	-6.566316802	6.744804385	516.8371944	2.06E-114	8.70E-110
ENST00000506969.1	TMEM30BP1	-6.775062748	4.306479621	456.3757902	2.96E-101	1.07E-96
ENST00000574876.5	PELP1	14.08179003	3.511700575	420.1210871	2.30E-93	7.26E-89
ENST00000469609.5	CEP85	-14.20477242	3.634621245	389.5225895	1.05E-86	2.96E-82
ENST00000340703.5	FAM86MP	-13.89333507	3.323665506	377.6217305	4.10E-84	1.04E-79
ENST00000307407.8	CXCL8	-3.792382776	7.147458872	351.6975136	1.81E-78	4.16E-74
ENST00000682272.1	HECTD4	14.13730074	3.567250109	347.662543	1.37E-77	2.88E-73
ENST00000395761.4	CXCL1	-4.164219975	4.252677081	268.8728941	2.00E-60	3.89E-56
ENST00000595618.5	MYO9B	14.44829946	3.877697524	260.3752342	1.42E-58	2.57E-54
ENST00000380243.9	CCDC85C	-2.895299775	6.165650299	235.2025814	4.37E-53	7.38E-49
ENST00000571771.5	DHRS7C	-10.3172617	2.424074449	223.1399687	1.87E-50	2.95E-46
ENST00000569415.1	ENSG00000259993	-13.97424729	3.404506443	218.629697	1.80E-49	2.68E-45
ENST00000264832.8	ICAM1	-2.428021129	7.397130918	214.0726156	1.78E-48	2.50E-44
ENST00000275560.4	SSC4D	-6.793212773	3.706701342	204.8413388	1.83E-46	2.44E-42
ENST00000296871.4	CSF2	-2.988556287	5.268162276	187.6786498	1.02E-42	1.29E-38
ENST00000295706.9	PPFIA4	12.92621387	2.3592293	175.8269007	3.95E-40	4.76E-36
ENST00000589011.1	MACC1	-13.38100694	2.812730509	159.4676916	1.48E-36	1.70E-32
ENST00000445946.5	KLLN	-4.599161014	2.825977175	153.1139307	3.62E-35	3.98E-31
ENST00000258743.10	IL6	-2.217222886	5.966170601	151.0492591	1.02E-34	1.08E-30
ENST00000480740.5	SELENOT	12.15600439	1.593145458	145.5101629	1.66E-33	1.68E-29
ENST00000615385.4	ZBTB14	-12.08475711	1.522414095	144.0746617	3.42E-33	3.33E-29
ENST00000623461.3	VCL	-2.388307564	5.990896416	131.0840325	2.37E-30	2.22E-26
ENST00000479098.1	LBX2	-8.230154399	1.527076546	130.228421	3.65E-30	3.30E-26
ENST00000295927.4	PTX3	-1.759382421	7.626345459	119.3667478	8.71E-28	7.59E-24
ENST00000414073.6	GALNTL5	-10.07479919	1.411065751	119.208999	9.43E-28	7.95E-24
ENST00000643273.2	CEP78	-12.24242015	1.678997788	117.7881959	1.93E-27	1.57E-23
ENST00000526421.6	BIRC3	-2.000032393	7.169135594	116.1200995	4.47E-27	3.54E-23
ENST00000524746.5	NFRKB	-11.71282399	1.153447679	113.681893	1.53E-26	1.17E-22
ENST00000326317.11	SGSH	11.57432662	1.016201756	113.2993646	1.86E-26	1.38E-22
ENST00000564315.1	COG4	-7.131018992	2.312454902	113.1570953	1.99E-26	1.44E-22
ENST00000515410.1	RAB3A	-11.41279813	0.8567003813	101.4014892	7.51E-24	5.28E-20
ENST00000508487.3	CXCL2	-2.250116708	4.607368322	100.4868602	1.19E-23	8.15E-20
ENST00000555650.5	NDRG2	-7.104089316	-3.173946787	22.30254627	2.33E-06	0.001014054526
ENST00000377507.8	TNFRSF9	-2.572408374	3.810876495	99.23704983	2.24E-23	1.45E-19
ENST00000624795.1	ENSG00000279439	-10.03927881	1.378452144	97.25726323	6.09E-23	3.85E-19
ENST00000680252.1	DENND5A	-12.20089193	1.637718859	96.58820245	8.54E-23	5.15E-19
ENST00000329517.11	GNB1L	-4.167675945	3.613469868	96.58306912	8.56E-23	5.15E-19
ENST00000623944.1	ENSG00000279827	-3.574777142	2.705601488	93.78310012	3.52E-22	2.07E-18
ENST00000254182.11	ZNF211	-11.67485012	1.116067606	92.83474368	5.68E-22	3.27E-18
ENST00000650603.1	ATRNL1	8.636092513	1.061411238	92.30355743	7.44E-22	4.18E-18
ENST00000678088.1	PPIG	11.34182103	0.7860578538	92.15486485	8.02E-22	4.39E-18
ENST00000648871.1	ADAR	4.976109472	6.210784181	92.12176862	8.15E-22	4.39E-18
ENST00000416905.1	MCM5	11.2470311	0.6924236094	91.28490648	1.24E-21	6.56E-18
ENST00000648415.1	FANCC	-3.317468271	2.826012212	90.66791946	1.70E-21	8.77E-18
ENST00000500179.1	CXXC4-AS1	-9.869490204	1.211175255	88.6158539	4.79E-21	2.43E-17
ENST00000552017.1	CBX3P5	-2.3366985	4.528523919	87.99170046	6.57E-21	3.26E-17
ENST00000485700.5	ARHGAP25	-11.29752064	0.7428393152	87.5119808	8.38E-21	4.08E-17
ENST00000465490.1	CDCA7L	-11.21970399	0.6657179778	87.14213092	1.01E-20	4.82E-17
ENST00000450910.1	TSPY20P	-10.97059609	0.4203076335	85.82948997	1.96E-20	9.19E-17
ENST00000669169.1	ENSG00000263041	-11.66614837	1.107462588	84.53900892	3.77E-20	1.73E-16
ENST00000489146.1	GNL2	-5.384985381	2.142486765	83.25330429	7.22E-20	3.26E-16
ENST00000289032.12	ZNF782	-10.90226303	0.3529930562	81.59922403	1.67E-19	7.40E-16
ENST00000533576.1	ENSG00000254461	-2.267482336	3.966383441	81.55378745	1.71E-19	7.44E-16
ENST00000477028.1	AHCYL2	-10.88591556	0.337016544	80.40061141	3.06E-19	1.31E-15
ENST00000646608.1	CHD4	-12.15905754	1.596287869	80.1724965	3.43E-19	1.45E-15
ENST00000495642.1	TRMT10C	-11.30560609	0.7506350865	79.4190296	5.02E-19	2.08E-15
ENST00000606771.2	NUP153-AS1	-2.764701375	3.495214767	79.15267406	5.75E-19	2.35E-15
ENST00000704303.1	ZMYND11	-10.89281151	0.3436521313	79.02517956	6.13E-19	2.44E-15
ENST00000545592.1	UBE2NP1	-7.786106407	1.131244027	79.01310084	6.17E-19	2.44E-15
ENST00000340652.5	VWC2	-11.39762834	0.8417457365	78.10607133	9.77E-19	3.80E-15
ENST00000704373.1	MBNL2	-10.71731249	0.1712271099	78.01289588	1.02E-18	3.92E-15
ENST00000522994.1	DOCK2	-3.210908846	3.122834525	77.49361369	1.33E-18	5.03E-15
ENST00000424510.1	NCKAP5-AS1	-10.71279869	0.1668252237	77.33898508	1.44E-18	5.36E-15
ENST00000676508.1	PPIG	-11.12059375	0.5682100792	75.81374017	3.12E-18	1.14E-14
ENST00000341023.2	H2AC7	-2.320267153	4.863491495	74.91961127	4.90E-18	1.74E-14
ENST00000602323.1	MIR99AHG	-10.66108684	0.1161031753	74.89641642	4.96E-18	1.74E-14
ENST00000373087.7	ZC3H12A	-1.850163104	4.390855372	74.89596681	4.96E-18	1.74E-14
ENST00000342992.11	TTN	-2.332066977	3.791853993	74.54727155	5.92E-18	2.05E-14
ENST00000635189.1	UBASH3A	-11.09396639	0.5419483574	74.22823513	6.96E-18	2.38E-14
ENST00000556314.2	BAZ1A	-2.311947279	4.641413072	73.82102611	8.55E-18	2.88E-14
ENST00000514285.1	SERF1B	-10.66058627	0.1156466831	72.81604708	1.42E-17	4.74E-14
ENST00000401931.1	CXCL8	-3.090830623	3.058626308	72.7257602	1.49E-17	4.88E-14
ENST00000679847.1	AASS	-10.78082285	0.2335804417	72.70507789	1.51E-17	4.88E-14
ENST00000676941.1	THBS2	-10.98525774	0.434696377	72.46154774	1.70E-17	5.45E-14
ENST00000558726.5	TMC3	-2.364655138	3.838109645	72.40120546	1.76E-17	5.55E-14
ENST00000216268.6	ZBED4	-1.560413093	5.813851231	72.22331887	1.92E-17	6.00E-14
ENST00000549050.1	PAWR	-10.66018011	0.1151724512	71.85475394	2.32E-17	7.15E-14
ENST00000474666.1	RPL30P12	-10.64301333	0.09836925827	71.78238106	2.40E-17	7.32E-14
ENST00000681317.1	VPS53	10.81083096	0.262791451	70.84075162	3.87E-17	1.17E-13
ENST00000527194.5	GRINA	-10.91722285	0.3677519643	70.71803926	4.12E-17	1.23E-13
ENST00000472581.1	CFB	-10.48073726	-0.06066982696	69.09571775	9.38E-17	2.75E-13
ENST00000703875.1	GRIPAP1	-2.688306441	3.145090399	69.08159207	9.45E-17	2.75E-13
ENST00000444442.1	ENOX1-AS1	-10.5445665	0.00188042327	69.01391301	9.78E-17	2.81E-13
ENST00000689576.1	GGCX	-11.59245345	1.034307191	68.94210968	1.01E-16	2.85E-13
ENST00000544371.1	OPA3	10.47781119	-0.06398208476	68.94070187	1.01E-16	2.85E-13
ENST00000556337.1	ASB2	-10.50649302	-0.03541359426	68.84517164	1.07E-16	2.96E-13
ENST00000481538.1	RNASE7	-10.75459071	0.2079088502	68.25053357	1.44E-16	3.96E-13
ENST00000614886.4	PHF7	-10.54850859	0.005539473176	67.82518273	1.79E-16	4.86E-13
ENST00000643792.1	SPRY4	-1.759793504	5.288591232	67.79509249	1.81E-16	4.88E-13
ENST00000371834.6	BRD3	-7.166517984	3.527332064	67.68937783	1.91E-16	5.07E-13
ENST00000646036.1	IFNGR1	-2.113337026	4.409793664	67.67773527	1.93E-16	5.07E-13
ENST00000263464.9	BIRC3	-2.232407763	5.828529524	67.56157033	2.04E-16	5.33E-13
ENST00000704716.1	SYT1	-10.38673309	-0.1526123847	67.49431479	2.11E-16	5.45E-13
ENST00000677185.1	IMPDH2	10.62831625	0.0835143998	67.4075582	2.21E-16	5.64E-13
ENST00000635286.1	DOCK7	-10.40451755	-0.1351625227	67.07869262	2.61E-16	6.60E-13
ENST00000643929.1	SMARCA4	10.39348506	-0.1464039742	66.46904073	3.55E-16	8.90E-13
ENST00000355044.8	ATRNL1	-4.192146389	2.280018387	66.37282165	3.73E-16	9.26E-13
ENST00000539326.1	PPFIBP1	-10.49728499	-0.04461530432	66.10182272	4.28E-16	1.05E-12
ENST00000435602.2	KLF7	-10.49165875	-0.05012134663	66.01925163	4.47E-16	1.09E-12
ENST00000270691.9	ESPNP	-8.676991421	0.03779888048	64.93355843	7.75E-16	1.87E-12
ENST00000291503.9	ATP13A1	-13.1736368	2.60592015	64.22515593	1.11E-15	2.65E-12
ENST00000488795.1	ARHGAP25	-10.43200371	-0.1083500919	64.05752476	1.21E-15	2.86E-12
ENST00000510699.1	WDR70	10.31934669	-0.2190051769	63.98050483	1.26E-15	2.94E-12
ENST00000567036.1	ENSG00000290414	-10.21405882	-0.3211122303	63.35312294	1.73E-15	4.01E-12
ENST00000320990.9	IRX5	-10.66235712	0.117267043	62.41429324	2.78E-15	6.40E-12
ENST00000315050.11	TNIP1	-1.944847806	5.651865648	62.3242711	2.91E-15	6.64E-12
ENST00000503995.5	ARHGAP24	-10.13861759	-0.3946061312	61.80029984	3.80E-15	8.59E-12
ENST00000636668.1	ENSG00000283638	-2.085160319	4.208979467	61.57263783	4.27E-15	9.55E-12
ENST00000594384.5	ZNF544	10.28978617	-0.2479099852	61.26293824	4.99E-15	1.11E-11
ENST00000679216.1	MARK2	-10.16233247	-0.3714833366	61.24973183	5.03E-15	1.11E-11
ENST00000695082.1	MYCBP2	-7.174966841	2.628002155	61.16941783	5.24E-15	1.14E-11
ENST00000259455.4	GABBR2	-2.17549641	3.254592684	60.91706266	5.95E-15	1.29E-11
ENST00000640593.1	PIGN	-10.83151144	0.2833451696	60.88885741	6.04E-15	1.29E-11
ENST00000466264.5	ZNF639	-10.23371252	-0.3020282045	60.66414974	6.77E-15	1.44E-11
ENST00000564181.1	MLF2	-3.156026256	2.042340868	60.48373348	7.42E-15	1.56E-11
ENST00000494917.6	CCDC180	10.09058719	-0.4419248963	60.44697026	7.56E-15	1.58E-11
ENST00000650252.1	LRP2	-10.18152287	-0.352912219	60.28577612	8.20E-15	1.70E-11
ENST00000512671.6	RBPJ	-10.38849341	-0.1510019182	60.07769143	9.12E-15	1.88E-11
ENST00000474560.1	CADPS	-10.76755887	0.2206172356	60.02320274	9.37E-15	1.91E-11
ENST00000696155.1	BLK	-2.37335778	3.106489583	59.95332263	9.71E-15	1.97E-11
ENST00000537003.2	CD27-AS1	10.17172814	-0.3629216979	59.40002654	1.29E-14	2.58E-11
ENST00000700241.1	CAMK2B	-8.117446291	0.4945975874	58.79153348	1.75E-14	3.49E-11
ENST00000347025.6	PHF7	10.22112105	-0.3147562538	58.59485083	1.94E-14	3.83E-11
ENST00000648335.1	KAT6A	12.79337674	2.226956138	58.48848657	2.04E-14	4.01E-11
ENST00000621053.1	ENSG00000276302	-1.972140502	3.403570908	58.45438644	2.08E-14	4.05E-11
ENST00000260386.7	ITPKA	-1.667955278	4.434445651	58.33854168	2.21E-14	4.26E-11
ENST00000641743.1	MFSD8	-10.14397683	-0.3894225342	58.32581954	2.22E-14	4.26E-11
ENST00000596843.1	KLHL26	-10.07061165	-0.46073015	58.13556692	2.45E-14	4.65E-11
ENST00000571675.5	SGSH	-6.78936693	0.3424658545	58.10815419	2.48E-14	4.67E-11
ENST00000229471.8	FYN	10.07402679	-0.4579892899	58.09791911	2.49E-14	4.67E-11
ENST00000672647.1	CEP290	10.20497022	-0.3305716428	57.92703102	2.72E-14	5.06E-11
ENST00000698412.1	TRNT1	-10.44321397	-0.09733385989	57.68427482	3.08E-14	5.68E-11
ENST00000460540.1	IP6K1	-10.21753281	-0.3178141741	57.20746347	3.92E-14	7.19E-11
ENST00000480366.1	SPOUT1	10.05522161	-0.4761894409	56.59139708	5.36E-14	9.76E-11
ENST00000641427.1	PNPO	-10.68122704	0.1358043698	56.54910922	5.48E-14	9.90E-11
ENST00000379153.4	CD83	-1.423534702	5.132033551	56.39867552	5.92E-14	1.06E-10
ENST00000216797.10	NFKBIA	-1.336038731	6.428847085	56.36592541	6.02E-14	1.07E-10
ENST00000487130.1	LINC00518	-9.925985287	-0.6011051693	56.28600467	6.27E-14	1.11E-10
ENST00000506325.5	DCLK2	-9.935548009	-0.5917573441	56.1754056	6.63E-14	1.16E-10
ENST00000502485.1	RAPGEF2	-10.26663422	-0.2698156232	56.10940572	6.85E-14	1.20E-10
ENST00000543824.5	PHC1	10.17706082	-0.3576746294	55.89959552	7.63E-14	1.32E-10
ENST00000554104.5	NDRG2	-8.050047676	-2.362139409	28.24267105	1.07E-07	6.60E-05
ENST00000696131.1	CXCL8	-2.565172165	3.05040115	55.03362334	1.18E-13	2.03E-10
ENST00000369153.2	BOLA1	-4.042981239	1.862606979	54.64388018	1.44E-13	2.44E-10
ENST00000699993.1	NFIA	-4.823072787	0.7697540601	54.63724116	1.45E-13	2.44E-10
ENST00000673992.1	DUS4L-BCAP29	10.95869636	0.408176594	54.55128325	1.51E-13	2.54E-10
ENST00000439343.2	BLOC1S5-TXNDC5	-11.21687413	0.663024554	54.53416447	1.53E-13	2.54E-10
ENST00000401867.5	P4HA2	-10.73065792	0.1842937845	54.26166682	1.75E-13	2.90E-10
ENST00000533301.1	FGFR1	-10.05898777	-0.4719247153	54.05718211	1.95E-13	3.20E-10
ENST00000380641.4	CNTLN	-2.363692312	3.082955108	54.01988361	1.98E-13	3.24E-10
ENST00000603952.1	FTX	-10.29390327	-0.2432208254	53.94252881	2.06E-13	3.35E-10
ENST00000410069.1	CCDC126	-9.962464058	-0.5656329233	53.81962065	2.20E-13	3.54E-10
ENST00000683178.1	KMT2C	-11.07351848	0.5216156016	53.6024942	2.45E-13	3.93E-10
ENST00000478449.5	NCKAP1	-10.73622946	0.1897586119	53.43904337	2.67E-13	4.24E-10
ENST00000427078.5	MAPKAP1	9.869247752	-0.6566806492	53.40237391	2.72E-13	4.30E-10
ENST00000382754.4	EEF1AKMT1	-10.05738951	-0.4735977854	53.37488682	2.76E-13	4.33E-10
ENST00000370905.4	KLHL31	-2.016052945	3.11399308	53.35500012	2.78E-13	4.35E-10
ENST00000421199.5	KLF7	9.788968698	-0.7342818432	53.3404446	2.80E-13	4.35E-10
ENST00000454637.2	CELSR1	10.12039835	-0.4129123484	53.24577647	2.94E-13	4.54E-10
ENST00000297323.12	ADCY1	-7.199242667	-0.1447274651	53.1840833	3.04E-13	4.66E-10
ENST00000383052.5	ZFY	-10.22124387	-0.3140765107	52.90722772	3.50E-13	5.33E-10
ENST00000585593.1	ENSG00000267122	-2.522041637	3.190151924	52.40880741	4.51E-13	6.83E-10
ENST00000588792.5	TMC6	-9.694702298	-0.8245656937	51.96563473	5.65E-13	8.50E-10
ENST00000414650.1	ARHGDIG	-2.227359219	2.691271212	51.7872313	6.19E-13	9.26E-10
ENST00000659623.1	CD27-AS1	-9.760958084	-0.7606971001	51.75166085	6.30E-13	9.37E-10
ENST00000636965.1	CC2D2B	-8.793285297	0.1086711774	51.66541026	6.58E-13	9.74E-10
ENST00000196551.8	RPS5	-1.145379518	9.695152569	51.44859572	7.35E-13	1.08E-09
ENST00000559255.1	TNFAIP2	-1.397985202	5.15267137	51.30809038	7.89E-13	1.15E-09
ENST00000698024.1	SMARCD2	9.885452936	-0.6409000555	51.22145399	8.25E-13	1.20E-09
ENST00000269217.11	LAMA3	-10.58918129	0.04555133178	51.18813591	8.39E-13	1.21E-09
ENST00000425368.7	CFB	-1.696643356	4.555140933	50.95738796	9.44E-13	1.36E-09
ENST00000603520.1	CKAP2LP1	-8.217839151	-0.4102376408	50.43472465	1.23E-12	1.76E-09
ENST00000434726.6	SLC1A5	9.666262468	-0.852635103	49.90011629	1.62E-12	2.30E-09
ENST00000681774.1	HSPA5	-10.87559343	0.3266258881	49.85460534	1.66E-12	2.34E-09
ENST00000551294.5	KIF19	-9.638595016	-0.8785416061	49.52497629	1.96E-12	2.75E-09
ENST00000560869.6	TNFAIP2	-1.166305009	7.335243332	49.4625722	2.02E-12	2.83E-09
ENST00000666945.1	ENTPD1-AS1	-10.27130435	-0.2653497578	49.21036429	2.30E-12	3.20E-09
ENST00000697171.1	MTHFD1	9.937613835	-0.5903951515	49.10775893	2.42E-12	3.35E-09
ENST00000301396.8	PELP1	-1.474810897	4.712433917	49.06161079	2.48E-12	3.41E-09
ENST00000699644.1	NLRP1	-11.2182462	0.6644716842	49.04243744	2.50E-12	3.43E-09
ENST00000557452.1	ENSG00000258679	-9.803462561	-0.7195625976	48.9033594	2.69E-12	3.66E-09
ENST00000245907.11	C3	-1.944000151	3.425029739	48.57806106	3.17E-12	4.28E-09
ENST00000636835.1	KIF16B	9.655463968	-0.8631757698	48.57160876	3.18E-12	4.28E-09
ENST00000688511.1	RASSF8	-11.05125671	0.4997555249	48.26114059	3.73E-12	4.99E-09
ENST00000420377.6	PTPN22	-9.620170956	-0.8963224702	48.21325268	3.82E-12	5.09E-09
ENST00000679266.1	EIF4H	9.484419518	-1.027483765	48.00610491	4.25E-12	5.63E-09
ENST00000399012.6_PAR_Y	PLCXD1	10.75680214	0.2096803725	47.94178297	4.39E-12	5.78E-09
ENST00000636398.1	EFHC1	10.03897008	-0.4920592829	47.82658989	4.66E-12	6.10E-09
ENST00000636184.1	CHRNA7	-2.158618337	3.276503745	47.77409163	4.78E-12	6.24E-09
ENST00000697907.1	SMARCAL1	9.923315419	-0.6042819595	47.64076248	5.12E-12	6.64E-09
ENST00000377999.5	CHD5	-9.426328182	-1.082310238	47.22923137	6.32E-12	8.15E-09
ENST00000392549.7	RNFT2	9.56925744	-0.9460360559	47.14597613	6.59E-12	8.46E-09
ENST00000651436.1	DIP2A	11.30541751	0.7503233975	47.1067552	6.72E-12	8.59E-09
ENST00000507646.2	ARL15	-9.457738475	-1.052181265	46.64558035	8.51E-12	1.08E-08
ENST00000379061.8	SARM1	-2.107695769	3.441498824	46.62079757	8.61E-12	1.09E-08
ENST00000681983.1	TBCD	10.15241764	-0.3815893798	46.35137292	9.88E-12	1.24E-08
ENST00000373829.8	ITGB1BP2	-4.557047949	0.9038291286	45.90750588	1.24E-11	1.55E-08
ENST00000492979.2	SSC4D	9.322939563	-1.181937899	45.6859482	1.39E-11	1.73E-08
ENST00000464810.5	NPR2	-9.644350413	-0.8730597177	45.62386774	1.43E-11	1.78E-08
ENST00000345664.10	CENPL	9.393662433	-1.114447654	45.61142956	1.44E-11	1.78E-08
ENST00000263339.4	IL1A	-3.181743534	1.16278291	45.46310798	1.56E-11	1.91E-08
ENST00000311923.1	MOS	-9.367819936	-1.138171372	44.93596748	2.04E-11	2.49E-08
ENST00000699965.1	NFIA	9.92203424	-0.6054967217	44.85972707	2.12E-11	2.57E-08
ENST00000356524.9	SAA1	-1.243804835	5.552334852	44.70800783	2.29E-11	2.77E-08
ENST00000670617.1	NEAT1	10.24472262	-0.2918130117	44.54220186	2.49E-11	3.00E-08
ENST00000618303.1	ENSG00000274414	-2.294111137	2.79036026	44.49246837	2.55E-11	3.06E-08
ENST00000673846.1	BIRC3	-1.633876335	4.981698493	44.42755926	2.64E-11	3.15E-08
ENST00000683853.1	HEXA	-9.280878246	-1.221093201	44.25398188	2.88E-11	3.43E-08
ENST00000570414.1	ALDH3A1	-7.813532632	-0.5923590287	43.92810426	3.41E-11	4.03E-08
ENST00000303562.9	FOS	1.158802349	6.676266988	43.88611382	3.48E-11	4.10E-08
ENST00000433912.5	BPHL	9.320568067	-1.184245859	43.67826252	3.87E-11	4.53E-08
ENST00000396690.2	NPM1P7	9.149503966	-1.346951267	43.17028695	5.02E-11	5.85E-08
ENST00000487468.5	TTLL11	9.142573894	-1.353523498	43.04008623	5.36E-11	6.22E-08
ENST00000648936.2	SGCE	-9.518557377	-0.9939174904	42.91163303	5.73E-11	6.59E-08
ENST00000515149.3	ATR	-9.480099544	-1.030799043	42.90882254	5.74E-11	6.59E-08
ENST00000682331.1	ACTN1	-9.799637257	-0.7231984995	42.74756648	6.23E-11	7.13E-08
ENST00000451429.8	CEP85	-1.215982068	6.595041298	42.65804597	6.52E-11	7.43E-08
ENST00000340181.9	ETV7	-9.581342447	-0.9336831522	42.60061279	6.71E-11	7.62E-08
ENST00000649749.1	ADAR	11.66815882	1.108987569	42.52721765	6.97E-11	7.87E-08
ENST00000652657.1	TBK1	9.376393515	-1.130890387	42.47991365	7.14E-11	8.03E-08
ENST00000445323.7	MTMR1	11.79895934	1.238578853	41.95746415	9.33E-11	1.04E-07
ENST00000544213.5	PUS1	9.093414154	-1.400108047	41.85736891	9.82E-11	1.09E-07
ENST00000703361.1	DNM1L	10.00087741	-0.5289852433	41.80803525	1.01E-10	1.12E-07
ENST00000357560.9	APBB3	9.054283349	-1.437122309	41.76528143	1.03E-10	1.14E-07
ENST00000682828.1	RETREG1	-2.210672556	3.274511097	41.69783879	1.07E-10	1.17E-07
ENST00000296468.8	MFSD8	-11.65010308	1.091703733	41.38751046	1.25E-10	1.37E-07
ENST00000405094.2	MTA3	10.55108244	0.007892756533	41.29520342	1.31E-10	1.43E-07
ENST00000428530.5	IGFBP3	-5.081457406	0.8288608051	41.11260441	1.44E-10	1.56E-07
ENST00000394149.8	CSF3	-3.671577822	1.235429636	41.01345398	1.51E-10	1.63E-07
ENST00000253778.13	GFPT2	-1.067269183	6.482879564	40.71242342	1.76E-10	1.90E-07
ENST00000431223.1	SPATA2P1	-9.831581596	-0.6926218689	40.61251679	1.86E-10	1.99E-07
ENST00000640986.1	PIGT	-9.655264547	-0.8623933991	40.59502895	1.87E-10	2.00E-07
ENST00000649289.1	ZDBF2	-9.276944956	-1.224849616	40.31913882	2.16E-10	2.29E-07
ENST00000259874.6	IER3	-0.9556324048	9.341956204	40.15964575	2.34E-10	2.48E-07
ENST00000460898.5	HAUS7	9.292159761	-1.211287885	40.11003091	2.40E-10	2.53E-07
ENST00000373658.8	ADGRB2	10.17689357	-0.3578014627	39.96866622	2.58E-10	2.71E-07
ENST00000527354.5	HINFP	-9.105315766	-1.387783544	39.86057374	2.73E-10	2.85E-07
ENST00000435354.1	RNF32-DT	-8.93362138	-1.549715512	39.52880929	3.23E-10	3.37E-07
ENST00000326434.9	CRELD1	-8.880653615	-1.599481289	39.50572146	3.27E-10	3.39E-07
ENST00000622975.1	ENSG00000279218	-9.692184908	-0.8272463147	39.49963714	3.28E-10	3.39E-07
ENST00000411980.1	ATP5F1BP1	-9.064818602	-1.426079859	39.43859142	3.39E-10	3.48E-07
ENST00000619465.1	U2	10.27098285	-0.2663730596	39.37188859	3.50E-10	3.59E-07
ENST00000642687.1	DDX3X	9.109730954	-1.384645216	39.3550852	3.53E-10	3.60E-07
ENST00000540156.1	KDM5A	9.339759869	-1.165890016	39.32805597	3.58E-10	3.64E-07
ENST00000256733.9	SAA2	-1.316759353	4.526834676	39.03748647	4.16E-10	4.21E-07
ENST00000620595.1	HS6ST3	-9.045941329	-1.443907581	38.98744154	4.27E-10	4.30E-07
ENST00000698762.1	POLR3C	-9.377870933	-1.128491229	38.90762913	4.44E-10	4.46E-07
ENST00000582677.5	MOCS2	9.165007074	-1.332307058	38.88221138	4.50E-10	4.50E-07
ENST00000538670.1	HTR7P1	-2.119724028	2.574727304	38.75539185	4.80E-10	4.78E-07
ENST00000654697.1	LINC02377	-9.126713332	-1.367582692	38.61923029	5.15E-10	5.11E-07
ENST00000547755.1	SP7	-8.912388826	-1.569682712	38.61116749	5.17E-10	5.11E-07
ENST00000659388.1	SHANK3	-1.991246079	3.014828917	38.41295105	5.73E-10	5.64E-07
ENST00000372733.3	SDC4	-0.9557379114	8.06451677	38.38571066	5.81E-10	5.69E-07
ENST00000668693.1	ZNF571-AS1	-8.857067027	-1.62156525	38.27023842	6.16E-10	6.02E-07
ENST00000490990.1	RGPD6	9.009418287	-1.479427241	38.11924076	6.66E-10	6.48E-07
ENST00000620651.4	MRTFA	9.842786868	-0.6819053025	37.873757	7.55E-10	7.32E-07
ENST00000688658.1	MCPH1	9.12553904	-1.369764594	37.8582211	7.61E-10	7.35E-07
ENST00000554094.5	NDRG2	-17.00421871	6.431940782	1003.622856	2.93E-220	3.71E-215
ENST00000577567.5	ERN1	-2.359989762	2.040005376	37.66556392	8.40E-10	8.02E-07
ENST00000684795.2	CCDC144BP	9.277941841	-1.225026615	37.66423064	8.40E-10	8.02E-07
ENST00000512672.1	ENSG00000249287	-8.742166332	-1.728992474	37.55436824	8.89E-10	8.45E-07
ENST00000554617.1	FOS	1.847047062	3.449728253	37.50811275	9.10E-10	8.59E-07
ENST00000497398.1	RPL32P29	8.829812358	-1.64833267	37.50148229	9.13E-10	8.59E-07
ENST00000697931.1	SGPL1	-1.267314586	4.993980311	37.5013968	9.13E-10	8.59E-07
ENST00000371322.11	CUL4B	9.98438783	-0.54516794	37.29889972	1.01E-09	9.50E-07
ENST00000490218.6	UTP6	9.96582146	-0.562690926	37.23089806	1.05E-09	9.80E-07
ENST00000396399.6	GLDN	-8.699335989	-1.768843891	37.19940097	1.07E-09	9.92E-07
ENST00000487772.2	ENSG00000241754	-8.908518291	-1.573290201	37.09368399	1.13E-09	1.04E-06
ENST00000446745.2	LTB	-3.991119094	0.6401548102	37.04090525	1.16E-09	1.07E-06
ENST00000650521.1	C1orf50	9.591489475	-0.9243820932	37.01034337	1.18E-09	1.08E-06
ENST00000319770.7	ZNF384	9.760838948	-0.761727237	36.93394935	1.22E-09	1.12E-06
ENST00000389341.9	POU2F2	-2.028294503	2.348692626	36.92050724	1.23E-09	1.12E-06
ENST00000329608.11	CSF1	-0.9754356478	7.590345335	36.86599819	1.27E-09	1.15E-06
ENST00000371692.9	DIPK1B	-1.776422572	3.276529852	36.85205923	1.27E-09	1.16E-06
ENST00000555939.6	DMAC2L	8.825190914	-1.652626147	36.71990148	1.36E-09	1.23E-06
ENST00000548815.2	NBL1	-1.529747421	4.438008936	36.71956484	1.36E-09	1.23E-06
ENST00000594141.1	CFAP221	-8.901642877	-1.579829351	36.6764572	1.39E-09	1.25E-06
ENST00000225474.6	CSF3	-8.88926569	-1.591457131	36.44443564	1.57E-09	1.40E-06
ENST00000536178.3	SH2B2	-9.041466546	-1.448100791	36.43163329	1.58E-09	1.41E-06
ENST00000699028.1	TOP2B	9.204105407	-1.295004896	36.34402496	1.65E-09	1.47E-06
ENST00000527296.1	NPAT	9.614017775	-0.9027379677	36.28443862	1.71E-09	1.51E-06
ENST00000509507.5	CALCOCO2	-8.698288742	-1.769818223	36.2760802	1.71E-09	1.51E-06
ENST00000551847.1	ENSG00000258121	-8.916460492	-1.565950391	36.2367692	1.75E-09	1.53E-06
ENST00000443897.1	ENSG00000234597	-9.481492722	-1.029857111	36.07940772	1.89E-09	1.66E-06
ENST00000676389.1	KDM6A	-9.250768051	-1.249964841	35.96746633	2.01E-09	1.75E-06
ENST00000646917.1	VPS13D	8.841177912	-1.637577908	35.67709931	2.33E-09	2.02E-06
ENST00000703367.1	DNM1L	-8.804342004	-1.670930076	35.54941986	2.49E-09	2.15E-06
ENST00000555347.1	FOS	1.768100196	4.153109528	35.52612119	2.52E-09	2.17E-06
ENST00000674892.1	MUC2	-2.038960984	2.451100173	35.34679131	2.76E-09	2.37E-06
ENST00000256458.5	IRAK2	-1.18631635	4.673939849	35.34056909	2.77E-09	2.37E-06
ENST00000608335.1	ENSG00000272983	-2.066902325	2.477069638	35.3052773	2.82E-09	2.41E-06
ENST00000448883.1	SEC61GP1	-7.470343819	-1.173944544	35.2183101	2.95E-09	2.51E-06
ENST00000397857.5	ITGB2	9.660304821	-0.8587640323	34.97418749	3.34E-09	2.84E-06
ENST00000680429.1	SUSD4	8.515652841	-1.940385568	34.95347744	3.38E-09	2.86E-06
ENST00000464226.2	FHIP2B	-2.138193322	2.031967855	34.81312283	3.63E-09	3.06E-06
ENST00000298571.6	BORCS5	-8.523810723	-1.931407793	34.58982231	4.07E-09	3.42E-06
ENST00000623206.1	ENSG00000278975	-9.175832848	-1.321325679	34.58298941	4.08E-09	3.42E-06
ENST00000447169.1	SRSF6P1	-8.685799126	-1.781514271	34.51612578	4.23E-09	3.53E-06
ENST00000522827.1	ZNF454	-8.728043202	-1.74223646	34.42853449	4.42E-09	3.68E-06
ENST00000579745.1	AA06	-8.616424184	-1.845827436	34.29785098	4.73E-09	3.92E-06
ENST00000438164.2	ZFR2	-4.271312837	-0.184585925	34.22919547	4.90E-09	4.05E-06
ENST00000475441.6	SNHG12	-8.659224421	-1.806124862	34.17221663	5.04E-09	4.16E-06
ENST00000608794.1	SAP30-DT	8.659534883	-1.807068097	33.93395501	5.70E-09	4.68E-06
ENST00000391777.3	ZNF816-ZNF321P	-8.426865623	-2.020561294	33.90281283	5.79E-09	4.74E-06
ENST00000393134.5	MXI1	-9.361691406	-1.144455454	33.88257854	5.85E-09	4.78E-06
ENST00000221452.13	RELB	-1.189503936	4.565764174	33.8749493	5.88E-09	4.78E-06
ENST00000622811.1	XKR4	-2.041095385	2.588267722	33.80057555	6.11E-09	4.95E-06
ENST00000437235.7	SEPTIN7-DT	8.98589634	-1.501973819	33.71262028	6.39E-09	5.16E-06
ENST00000697498.1	FAM153B	-8.867706758	-1.61187444	33.65641315	6.58E-09	5.30E-06
ENST00000642000.1	OR7C1	-8.510767459	-1.943426983	33.63617374	6.64E-09	5.34E-06
ENST00000687874.1	MCPH1	-8.929554453	-1.553903342	33.36832087	7.63E-09	6.10E-06
ENST00000375375.7	PAX7	-8.467317079	-1.983408449	33.32936385	7.78E-09	6.21E-06
ENST00000614840.1	ENSG00000276569	-6.822904962	-1.009546393	33.28235576	7.97E-09	6.34E-06
ENST00000485192.2	TNFAIP3	-1.958105736	2.302008748	33.04215421	9.02E-09	7.15E-06
ENST00000541082.2	FAM110A	8.619653669	-1.844196989	32.9561827	9.43E-09	7.45E-06
ENST00000244741.10	CDKN1A	-0.9831053016	6.706669384	32.68313944	1.08E-08	8.55E-06
ENST00000493383.5	MRPL38	8.260123566	-2.174373569	32.66094834	1.10E-08	8.62E-06
ENST00000528245.2	MIR210HG	9.445327716	-1.065266663	32.65320497	1.10E-08	8.63E-06
ENST00000331588.4	DUSP8	8.315756415	-2.123726284	32.52136494	1.18E-08	9.20E-06
ENST00000405930.3	ZDHHC8	9.069680248	-1.422392368	32.41220652	1.25E-08	9.71E-06
ENST00000678495.1	OTUD7A	-2.033578794	2.173637017	32.34156075	1.29E-08	1.00E-05
ENST00000447689.1	LYPLA2P1	-2.167157906	2.186710206	32.30925948	1.31E-08	1.02E-05
ENST00000693288.1	ERLEC1	8.373999783	-2.070519697	32.30628816	1.32E-08	1.02E-05
ENST00000421297.1	ENSG00000226206	-8.569821998	-1.889103886	32.30143515	1.32E-08	1.02E-05
ENST00000475489.5	DAAM2	-6.174516661	-0.6759609355	32.24235324	1.36E-08	1.04E-05
ENST00000637860.1	ENSG00000283381	-8.261532513	-2.171405136	32.12433731	1.45E-08	1.11E-05
ENST00000460903.2	YIPF3	8.333862409	-2.107243879	32.10755808	1.46E-08	1.11E-05
ENST00000623897.1	ENSG00000280369	-8.231497536	-2.198644255	32.04220887	1.51E-08	1.15E-05
ENST00000379066.5	PRKD3	10.93804168	0.3873466645	32.00568529	1.54E-08	1.16E-05
ENST00000679375.1	ADAR	4.55153961	1.156296379	31.97337497	1.56E-08	1.18E-05
ENST00000527309.2	BIRC3	-1.833937839	4.249341279	31.9706191	1.57E-08	1.18E-05
ENST00000487976.2	CCDC180	8.592738774	-1.869307076	31.9129062	1.61E-08	1.21E-05
ENST00000688173.1	DNM3	-8.312248055	-2.125275057	31.89156588	1.63E-08	1.22E-05
ENST00000629899.1	ENSG00000280920	-8.565302345	-1.893325005	31.83364422	1.68E-08	1.25E-05
ENST00000445983.5	CITED1	8.219954382	-2.210819861	31.784013	1.72E-08	1.28E-05
ENST00000679905.1	MTO1	-8.520222428	-1.934844915	31.74892361	1.75E-08	1.30E-05
ENST00000491351.6	RNF31	-8.637789254	-1.826208117	31.67601858	1.82E-08	1.35E-05
ENST00000394054.6	NFKBIZ	-2.141756483	2.641743354	31.67362745	1.82E-08	1.35E-05
ENST00000425229.5	ZNF277	-9.064512014	-1.426992889	31.5857108	1.91E-08	1.40E-05
ENST00000526447.1	CDK2AP2	-2.725845269	2.414063557	31.56476598	1.93E-08	1.41E-05
ENST00000454028.5	MLH1	-8.694967224	3.144766461	31.56029575	1.93E-08	1.41E-05
ENST00000466167.2	SELP	-8.522756622	-1.932582201	31.54250898	1.95E-08	1.42E-05
ENST00000309447.6	NWD2	-8.170669362	-2.2536573	31.52262033	1.97E-08	1.43E-05
ENST00000563803.1	ENSG00000260660	-8.379887332	-2.06367181	31.51067977	1.98E-08	1.44E-05
ENST00000682799.1	STAMBP	10.53979055	-0.003913535789	31.49765923	2.00E-08	1.44E-05
ENST00000516502.1	RNU1-103P	-8.358552524	-2.083139148	31.42330729	2.07E-08	1.50E-05
ENST00000648600.1	TP73-AS1	-9.011796431	-1.475586374	31.33704642	2.17E-08	1.56E-05
ENST00000503566.7	CCDC153	-8.325166416	-2.11349871	31.3007689	2.21E-08	1.58E-05
ENST00000662088.1	ENSG00000285535	-2.191174884	1.820852286	31.23519354	2.29E-08	1.63E-05
ENST00000682668.1	RAB18	-9.719921489	-0.8005028389	31.20821804	2.32E-08	1.65E-05
ENST00000668098.1	PVT1	-8.33377536	-2.105675819	31.13910523	2.40E-08	1.70E-05
ENST00000571285.1	ZSCAN32	-8.610869721	-1.850650013	31.13506758	2.41E-08	1.70E-05
ENST00000537831.2	MAG	-6.152766035	0.2004167243	31.13297828	2.41E-08	1.70E-05
ENST00000456293.5	GAS5	8.704181907	-1.765397282	31.11358696	2.43E-08	1.71E-05
ENST00000548696.6	PRICKLE1	10.00575147	-0.5240921666	31.10376507	2.45E-08	1.72E-05
ENST00000561217.1	TNFAIP2	-1.395623704	3.790745325	31.06725036	2.49E-08	1.75E-05
ENST00000640131.1	SPIN3	8.622899264	-1.841309656	31.06109215	2.50E-08	1.75E-05
ENST00000685360.1	DNAJC11	-8.353217705	-2.088050906	30.97693061	2.61E-08	1.82E-05
ENST00000646439.1	ABCC4	-8.876512078	-1.602876827	30.84372819	2.80E-08	1.94E-05
ENST00000425216.1	MTCO2P23	-8.116024171	-2.302867921	30.80783524	2.85E-08	1.97E-05
ENST00000334850.7	FSCN2	-2.015742949	3.043468645	30.69086232	3.03E-08	2.09E-05
ENST00000416779.1	FES	-6.782403217	-1.714084562	30.64390412	3.10E-08	2.14E-05
ENST00000693269.1	KLHL15	-10.19177151	-0.342195178	30.6377323	3.11E-08	2.14E-05
ENST00000649467.1	LUCAT1	8.690734944	-1.77823659	30.42911925	3.46E-08	2.37E-05
ENST00000404627.3	DOCK7	-3.3493938	2.848931568	30.30493621	3.69E-08	2.52E-05
ENST00000330106.5	CEND1	-4.030962105	0.2504898556	30.29046976	3.72E-08	2.54E-05
ENST00000409189.7	CCL20	-8.468716061	-1.982415184	30.2464626	3.80E-08	2.59E-05
ENST00000377395.8	ZNG1E	8.068325178	-2.347533587	30.12619957	4.05E-08	2.75E-05
ENST00000559144.1	DCAF11	-8.888843752	-1.592426262	30.09371286	4.12E-08	2.78E-05
ENST00000338051.4	C5orf24	-12.35673321	1.792892906	30.09089107	4.12E-08	2.78E-05
ENST00000640084.1	ENSG00000284294	-8.088032356	-2.328014845	30.07588874	4.15E-08	2.80E-05
ENST00000320584.8	ANKRD30B	8.248742555	-2.184819219	30.05165603	4.21E-08	2.82E-05
ENST00000565113.5	DNAAF4-CCPG1	-9.588489946	-0.9264031083	29.95147509	4.43E-08	2.96E-05
ENST00000374045.5	TNFSF15	-1.151599618	4.388351327	29.90812318	4.53E-08	3.02E-05
ENST00000342104.9	NBPF3	-9.124937439	-1.370057055	29.80872878	4.77E-08	3.17E-05
ENST00000655409.1	NINJ2-AS1	8.129303201	-2.292811911	29.76885645	4.87E-08	3.23E-05
ENST00000262929.9	SIRPB1	-8.511077905	-1.943587558	29.76659825	4.87E-08	3.23E-05
ENST00000540010.1	TRAF1	-1.372200009	4.992866662	29.75830632	4.89E-08	3.23E-05
ENST00000526470.1	ENSG00000228862	-6.923932899	-1.634675908	29.70229626	5.04E-08	3.32E-05
ENST00000666004.1	C5orf64	-7.257475365	-1.325506028	29.67409492	5.11E-08	3.35E-05
ENST00000674361.1	XACT	-3.141044471	0.1688573651	29.67264997	5.12E-08	3.35E-05
ENST00000268676.11	DEF8	8.580551009	-1.880611158	29.6543082	5.16E-08	3.38E-05
ENST00000414546.6	SAA2	-1.996948107	2.085676012	29.631493	5.22E-08	3.41E-05
ENST00000677577.1	NDUFS2	8.81602929	-1.660409373	29.47720265	5.66E-08	3.68E-05
ENST00000440496.5	LINC00630	-2.306400784	2.550218299	29.39900282	5.89E-08	3.82E-05
ENST00000418234.6	PPP1R13L	-9.28526869	-1.217869915	29.39491001	5.90E-08	3.82E-05
ENST00000303922.7	RBMY2FP	-6.942431071	-1.622006919	29.34169955	6.07E-08	3.92E-05
ENST00000483892.5	ZNF398	-1.632937279	3.011054862	29.17773731	6.60E-08	4.24E-05
ENST00000551630.1	PTCH1	8.197708816	-2.230966006	29.17687031	6.61E-08	4.24E-05
ENST00000393272.7	NPHP1	8.271064165	-2.164216479	29.15924109	6.67E-08	4.27E-05
ENST00000596256.1	FARP1	-8.446203055	-2.002484704	29.10844918	6.84E-08	4.37E-05
ENST00000470685.5	SORBS2	-8.055103531	-2.3576008	29.02787821	7.13E-08	4.55E-05
ENST00000473993.5	DNAJC11	-9.919964245	-0.6075558697	28.99510528	7.26E-08	4.61E-05
ENST00000415318.2	CCDC153	8.149416743	-2.274602891	28.86597481	7.76E-08	4.92E-05
ENST00000438282.6	CNTN4	-6.728461191	-1.820748319	28.7652796	8.17E-08	5.17E-05
ENST00000339882.9	CCNYL1	8.001231581	-2.407614395	28.63273463	8.75E-08	5.52E-05
ENST00000455121.3	ST3GAL5-AS1	-2.482001019	1.224575389	28.56162112	9.08E-08	5.71E-05
ENST00000586746.5	POLR2E	-8.732478041	-1.738108338	28.5127803	9.31E-08	5.84E-05
ENST00000372755.7	VCL	0.9798076323	6.254947444	28.51042045	9.32E-08	5.84E-05
ENST00000622290.5	ABCC6	9.24584515	-1.255027113	28.49897746	9.37E-08	5.86E-05
ENST00000540563.6	ARSL	-8.025587186	-2.383912031	28.48103067	9.46E-08	5.90E-05
ENST00000660710.1	MFSD4B	-5.652090667	-1.610822861	28.46023457	9.56E-08	5.94E-05
ENST00000515539.5	COMMD10	-9.209503196	-1.288209894	28.42949677	9.72E-08	6.03E-05
ENST00000584350.1	AMZ2	9.481904743	-1.030041349	28.36441569	1.00E-07	6.22E-05
ENST00000553593.5	NDRG2	-17.10590152	6.533601142	1079.085757	1.16E-236	2.93E-231
ENST00000653375.1	ENSG00000286854	-8.037704777	-2.373179143	28.23778694	1.07E-07	6.60E-05
ENST00000519108.5	HDAC2	-8.870420781	-1.610054572	28.21045968	1.09E-07	6.68E-05
ENST00000374177.7	GRM4	-2.143443822	1.803052979	28.1867783	1.10E-07	6.75E-05
ENST00000555398.1	FLRT2	7.889811581	-2.506614902	28.15222678	1.12E-07	6.85E-05
ENST00000557769.5	CCDC85C	1.013731101	5.637344576	28.03919032	1.19E-07	7.25E-05
ENST00000676180.1	LCORL	-7.834677387	-2.553197609	28.00400479	1.21E-07	7.36E-05
ENST00000241261.7	TNFSF10	-0.9045013564	6.901094	27.71504426	1.41E-07	8.53E-05
ENST00000674048.1	WHRN	-7.774342308	-2.606156983	27.67079446	1.44E-07	8.70E-05
ENST00000582183.5	MAP2K4	8.220406244	-2.209835256	27.63412855	1.47E-07	8.85E-05
ENST00000481253.2	STAT5B	-7.925180598	-2.47315329	27.59149345	1.50E-07	9.02E-05
ENST00000673018.1	AIMP1	-9.111115443	-1.38283898	27.58875308	1.50E-07	9.02E-05
ENST00000527555.1	ENSG00000255093	-7.804216339	-2.579967992	27.58426758	1.50E-07	9.02E-05
ENST00000442506.5	NBAS	-8.311900888	-2.126168184	27.56011714	1.52E-07	9.11E-05
ENST00000686327.1	ENSG00000228401	-7.931661697	-2.467469639	27.54664232	1.53E-07	9.13E-05
ENST00000494118.5	ZNF385D	-9.044111773	-1.446666368	27.54346318	1.54E-07	9.13E-05
ENST00000468074.1	ENSG00000240695	-3.630418068	0.3475364617	27.54083395	1.54E-07	9.13E-05
ENST00000419780.1	MTCO2P21	-7.966584965	-2.43654871	27.52731313	1.55E-07	9.18E-05
ENST00000628453.4	SLFN12L	-8.427855983	-2.019644471	27.49243922	1.58E-07	9.32E-05
ENST00000426291.5	IL6	-2.057573535	2.98314217	27.47150544	1.59E-07	9.40E-05
ENST00000543273.5	CASTOR3P	-8.416196823	-2.029808698	27.45759617	1.61E-07	9.45E-05
ENST00000556825.5	SHMT2	9.351686525	-1.154179616	27.43515642	1.62E-07	9.53E-05
ENST00000567769.1	BBS7-DT	-2.437099029	1.074011433	27.42821775	1.63E-07	9.55E-05
ENST00000455403.1	SAMM50P1	-7.851515987	-2.538426677	27.32965162	1.72E-07	0.0001002308489
ENST00000428569.1	ENSG00000223344	-8.241316129	-2.190127824	27.28807136	1.75E-07	0.0001020330955
ENST00000447398.6	OGDH	-8.56326597	-1.894603127	27.28628142	1.75E-07	0.0001020330955
ENST00000259075.6	TANK	-1.182334608	4.179229569	27.23332571	1.80E-07	0.0001046257112
ENST00000356522.4	CD34	-2.222199535	1.345084345	27.22500831	1.81E-07	0.0001048363146
ENST00000683839.1	TBCD	-3.415865449	0.7033742433	27.19152524	1.84E-07	0.0001064241733
ENST00000566750.5	TERF2	-8.291589202	-2.144075743	27.17430134	1.86E-07	0.0001071319345
ENST00000296026.4	CXCL3	-2.914788726	1.1827384	27.139107	1.89E-07	0.0001088521149
ENST00000462132.6	MEST	8.685649553	-1.781901963	27.06393805	1.97E-07	0.0001129114659
ENST00000406462.6	GPSM2	9.596679537	-0.9197762361	27.03212236	2.00E-07	0.0001145255449
ENST00000650122.1	ENSG00000285600	-6.865730248	-1.687064671	26.9300644	2.11E-07	0.0001203996035
ENST00000692520.2	LINC02987	9.036854732	-1.454581892	26.92239931	2.12E-07	0.0001203996035
ENST00000623960.4	ENSG00000277117	-1.995542816	1.872778091	26.92236809	2.12E-07	0.0001203996035
ENST00000485336.5	ELOVL5	-7.99507335	-2.411133926	26.89063327	2.15E-07	0.0001221184328
ENST00000649494.1	PRKG1-AS1	-7.85491336	-2.535273405	26.82571926	2.23E-07	0.0001260073791
ENST00000475142.5	VDAC2	-8.004112815	-2.402761896	26.80886928	2.25E-07	0.0001268271354
ENST00000551094.5	FKBP11	7.719567173	-2.656197203	26.78257835	2.28E-07	0.000128278056
ENST00000651176.1	STAT6	-7.977538391	-2.426763885	26.74493001	2.32E-07	0.0001305110983
ENST00000559406.5	TNFAIP2	-1.278343122	4.258489693	26.71526587	2.36E-07	0.0001322362513
ENST00000339868.10	SLC24A1	8.747870739	-1.725555871	26.57806416	2.53E-07	0.0001416538068
ENST00000551284.1	ENSG00000257256	-7.709460006	-2.662818857	26.56752523	2.54E-07	0.000142114237
ENST00000368612.3	LRRC27	9.026516598	-1.461960646	26.5480673	2.57E-07	0.0001432366235
ENST00000486939.1	ALB	-8.550286046	-1.908052619	26.54057475	2.58E-07	0.0001434771963
ENST00000556324.2	FOS	1.876174409	2.342908984	26.5057647	2.63E-07	0.0001457656032
ENST00000310546.3	SPSB4	-1.824907873	2.908745168	26.47201318	2.67E-07	0.0001480102052
ENST00000528673.5	ZC3H12C	-1.212172925	5.200218652	26.44597448	2.71E-07	0.000149378998
ENST00000084798.9	CA11	-1.519065627	2.886484231	26.44579579	2.71E-07	0.000149378998
ENST00000684451.1	SNX14	-8.297823722	-2.139207149	26.40176428	2.77E-07	0.0001524910226
ENST00000399169.8	STOX1	-9.599769384	-0.9169789607	26.3009513	2.92E-07	0.0001603133166
ENST00000448680.2	LINC01765	-8.36984514	-2.073309327	26.27493267	2.96E-07	0.0001621359999
ENST00000620675.4	NEK3	7.814222129	-2.573493428	26.26018233	2.98E-07	0.0001630262294
ENST00000532845.2	FAM111A-DT	-2.813252145	0.9808125904	26.23226805	3.03E-07	0.0001650433387
ENST00000477009.2	IGSF11-AS1	-8.13433418	-2.28702019	26.18812424	3.10E-07	0.0001684964513
ENST00000542945.5	TMEM91	-7.807963595	-2.576489612	26.09860489	3.24E-07	0.0001761132104
ENST00000509613.1	FAM156B	-7.899007606	-2.496712316	26.05440173	3.32E-07	0.0001798058001
ENST00000539929.5	NPIPB5	7.663600938	-2.70488057	26.04676505	3.33E-07	0.0001801326833
ENST00000676652.1	ITGAL	-6.619558874	-1.914584514	26.01205302	3.39E-07	0.0001830095923
ENST00000393976.6	KRT15	-7.646617183	-2.717312607	25.97614158	3.46E-07	0.0001860489923
ENST00000615541.3	TMEM265	-1.525711218	2.833059767	25.96864197	3.47E-07	0.0001863766059
ENST00000425863.5	SETMAR	-7.84679366	-2.542478606	25.96161692	3.48E-07	0.0001866597543
ENST00000676916.1	DDX1	8.003917407	-2.404776915	25.95430563	3.50E-07	0.0001869718989
ENST00000415333.1	ENSG00000227365	-3.672278865	0.0896083248	25.93723021	3.53E-07	0.0001882350899
ENST00000578025.5	TSPOAP1-AS1	-7.696085604	-2.674451992	25.89933456	3.60E-07	0.0001915627115
ENST00000505073.5	CCSER1	7.849846538	-2.542205735	25.888024	3.62E-07	0.0001922836378
ENST00000578306.5	TSPYL2	-7.73878023	-2.637100227	25.79055693	3.81E-07	0.0002018184954
ENST00000257861.7	AVIL	-7.608021899	-2.750688791	25.78580302	3.81E-07	0.000201892946
ENST00000244204.11	NAGK	-8.617247323	-1.844153582	25.75141348	3.88E-07	0.0002050934834
ENST00000469522.1	SNU13	-7.81497296	-2.570795772	25.68737427	4.01E-07	0.0002115714885
ENST00000635048.2	LINC01748	-7.661167505	-2.70483401	25.58889238	4.22E-07	0.0002221863627
ENST00000518632.2	TRHR	-2.358905423	2.395335104	25.57307528	4.26E-07	0.0002231115087
ENST00000237289.8	TNFAIP3	-2.172331079	3.265382221	25.57286821	4.26E-07	0.0002231115087
ENST00000519716.7	UNC13A	-2.892701923	0.5425443447	25.54844661	4.31E-07	0.0002254865066
ENST00000656985.1	ZNF827	-7.668606478	-2.698195157	25.53486196	4.34E-07	0.0002266114715
ENST00000497411.5	FBXL2	-8.261200028	-2.171564788	25.52384825	4.37E-07	0.0002274397806
ENST00000368876.2	AMD1	8.417217506	-2.030250104	25.50723203	4.41E-07	0.0002289359187
ENST00000686716.1	HOOK1	-7.887468053	-2.50662436	25.5006405	4.42E-07	0.0002292486601
ENST00000655830.2	ENSG00000287263	-8.04039178	-2.37035097	25.47319371	4.49E-07	0.000232057755
ENST00000325881.9	SNX22	7.797517355	-2.587780303	25.46558753	4.50E-07	0.0002324989883
ENST00000642681.2	NEXMIF	7.562494708	-2.792262712	25.42948855	4.59E-07	0.0002364079158
ENST00000525666.1	ENSG00000255057	-6.239016756	-2.260619066	25.38958716	4.68E-07	0.0002408580575
ENST00000513999.5	ZNF331	7.839852374	-2.551092038	25.38000014	4.71E-07	0.0002415670559
ENST00000497304.6	INTS11	-7.996101233	-2.41005433	25.27810115	4.96E-07	0.0002541558154
ENST00000416301.5	ENTPD1-AS1	-7.513034427	-2.832224226	25.22506538	5.10E-07	0.0002607137476
ENST00000396650.7	C15orf48	-0.9105077145	5.984485119	25.22101885	5.11E-07	0.0002607345902
ENST00000694919.1	MTARC1	8.035479768	-2.37646342	25.20124103	5.16E-07	0.0002628921239
ENST00000658640.1	ENSG00000230303	-6.249206466	-2.303172299	25.17072823	5.25E-07	0.0002661539946
ENST00000582147.1	COLEC12	-8.275868571	-2.157435246	25.16971414	5.25E-07	0.0002661539946
ENST00000539174.3	MIPOL1	-3.049949381	0.6161635855	25.10746784	5.42E-07	0.000274335313
ENST00000616370.1	ENSG00000217702	-7.448182872	-2.887458878	25.0769689	5.51E-07	0.0002781524805
ENST00000550710.1	HIGD1AP9	-7.979050231	-2.424938756	24.85217755	6.19E-07	0.0003119269929
ENST00000648351.1	ENSG00000285606	-7.519214708	-2.826908612	24.78753047	6.40E-07	0.0003215611986
ENST00000678492.1	NDUFS2	-8.27828171	-2.155360712	24.78587777	6.41E-07	0.0003215611986
ENST00000668334.1	ENSG00000248994	-8.211032266	-2.218105031	24.76948054	6.46E-07	0.000323666195
ENST00000560397.5	CHP1	8.748760106	-1.722969099	24.73428927	6.58E-07	0.0003289785709
ENST00000357501.6	TMEM79	-7.621284692	-2.739164035	24.72002671	6.63E-07	0.0003307683623
ENST00000261383.3	DNAH3	-1.603540782	3.017719209	24.6883339	6.74E-07	0.0003355906117
ENST00000400377.4	ICOSLG	-7.986421687	-2.419152675	24.67959708	6.77E-07	0.000336453093
ENST00000693317.1	ENSG00000284738	-7.401873661	-2.92667097	24.66743534	6.81E-07	0.0003379191063
ENST00000623156.1	ENSG00000278918	-1.796937591	1.975182423	24.65767748	6.85E-07	0.0003389697686
ENST00000565207.1	ULK4P1	7.800548048	-2.585806126	24.64121026	6.91E-07	0.0003407214917
ENST00000357585.4	SSTR2	-1.070817962	4.279920997	24.64021603	6.91E-07	0.0003407214917
ENST00000524446.2	DENND5A	-8.6100196	-1.850630896	24.58755703	7.10E-07	0.0003490727957
ENST00000520158.5	CTNNA1	-9.591570069	-0.9230180012	24.58350335	7.12E-07	0.0003490727957
ENST00000655457.1	ENSG00000286464	-7.567316931	-2.785861906	24.58231574	7.12E-07	0.0003490727957
ENST00000564906.5	ZNF778	7.639106298	-2.726426575	24.5231182	7.34E-07	0.0003592670761
ENST00000262041.6	MEOX2	-6.097785206	-1.639969277	24.39817478	7.83E-07	0.000382597604
ENST00000474341.5	MBOAT2	-4.36633767	1.330742111	24.3761303	7.92E-07	0.0003862551713
ENST00000223095.5	SERPINE1	-0.7647156163	9.62969694	24.3560771	8.01E-07	0.0003895464056
ENST00000538739.2	SLC15A3	-9.51114378	-0.9996986851	24.34452261	8.06E-07	0.000391014615
ENST00000429662.6	GABPB1	-7.956490843	-2.445856952	24.3414355	8.07E-07	0.000391014615
ENST00000659713.1	ENSG00000287558	-7.60958805	-2.749569877	24.3262662	8.13E-07	0.0003928903479
ENST00000698632.1	CFB	-2.326236235	1.574621275	24.32485058	8.14E-07	0.0003928903479
ENST00000675553.1	TFG	-9.317938276	-1.184697728	24.16953209	8.82E-07	0.0004250744053
ENST00000491336.5	PPP1R12B	8.140393129	-2.281513463	24.08087425	9.24E-07	0.0004442554971
ENST00000616200.2	NEXMIF	-7.387558812	-2.938732875	24.05716901	9.35E-07	0.0004489049845
ENST00000650581.1	AP5Z1	7.619700751	-2.743227293	23.99427605	9.66E-07	0.0004629316877
ENST00000492760.1	DOP1B	-7.351794834	-2.968837771	23.86988643	1.03E-06	0.0004924275579
ENST00000219022.3	OLFM4	-7.554334672	-2.797142948	23.86808277	1.03E-06	0.0004924275579
ENST00000684023.1	TMEM67	7.670423747	-2.698338553	23.82156734	1.06E-06	0.000503521754
ENST00000623763.1	ENSG00000279512	-7.489228901	-2.852616332	23.77072964	1.09E-06	0.0005160260867
ENST00000357505.10	N4BP2L2	7.862616523	-2.529688284	23.74813276	1.10E-06	0.0005211405889
ENST00000523532.5	CHCHD7	-7.440184116	-2.894115744	23.71711123	1.12E-06	0.0005286167388
ENST00000680051.1	CACNA1S	-2.664427962	0.9729471176	23.70161457	1.12E-06	0.000531787344
ENST00000678179.1	MARK3	7.816345683	-2.570678392	23.69840778	1.13E-06	0.000531787344
ENST00000509764.1	DCK	-7.266393825	-3.040230214	23.6698137	1.14E-06	0.00053874254
ENST00000559816.1	HDC	-2.109946635	1.640842349	23.56695911	1.21E-06	0.0005668854928
ENST00000699465.1	CFHR4	-7.617962264	-2.742534899	23.56467612	1.21E-06	0.0005668854928
ENST00000455649.1	ENSG00000232068	-2.133638133	1.278230792	23.55407321	1.21E-06	0.0005689623563
ENST00000522100.5	TNIP1	-1.281414905	3.700868421	23.53639289	1.23E-06	0.0005731532244
ENST00000479258.5	REG1B	-7.354397465	-2.966675317	23.52659946	1.23E-06	0.0005750151516
ENST00000564852.1	ENSG00000261555	-8.407051211	-2.040354097	23.49508824	1.25E-06	0.0005834339122
ENST00000497706.6	C2	-7.645821513	-2.717582054	23.48650325	1.26E-06	0.0005849658555
ENST00000533488.6	KRBOX5	-7.757777984	-2.620398995	23.35715346	1.35E-06	0.0006245030398
ENST00000697630.1	PTPRC	-7.601281622	-2.756949714	23.31777117	1.37E-06	0.000636253811
ENST00000641748.1	MFSD8	8.888438717	-1.594369958	23.26438814	1.41E-06	0.0006529647325
ENST00000562165.5	TGFB1I1	7.193495667	-3.103384648	23.25496756	1.42E-06	0.0006549735848
ENST00000411578.6	MST1R	-9.463324221	-1.046173017	23.24050279	1.43E-06	0.0006587162772
ENST00000559747.1	ENSG00000259239	-7.257591122	-3.047529249	23.22497188	1.44E-06	0.0006628500324
ENST00000380130.7	N4BP2L1	7.400403527	-2.930648045	23.22136523	1.44E-06	0.0006628890541
ENST00000469636.1	SLC37A3	7.539401151	-2.812214294	23.20564262	1.46E-06	0.0006671200533
ENST00000395080.8	SPP1	-7.229844039	-3.070574982	23.17616965	1.48E-06	0.0006761982405
ENST00000683295.1	HSF4	7.375884089	-2.951000079	23.0941594	1.54E-06	0.0007043880497
ENST00000616887.1	PCDHGA9	7.840743022	-2.548782915	23.07375484	1.56E-06	0.0007106203478
ENST00000667029.1	ENSG00000231811	-7.620702785	-2.740048161	23.06376773	1.57E-06	0.0007130364355
ENST00000507270.5	MARCHF1	-2.176946565	1.807133881	23.03243087	1.59E-06	0.0007233687573
ENST00000509630.1	HHIP	7.850151495	-2.54074402	23.02920446	1.60E-06	0.0007233687573
ENST00000555467.1	KLC1	11.36721834	0.8117706821	22.98290421	1.63E-06	0.000739675919
ENST00000615063.2	DMRTC1	-1.994398428	1.671387041	22.96292072	1.65E-06	0.00074607041
ENST00000649771.1	BMPER	-8.050675121	-2.361059823	22.9482935	1.66E-06	0.0007504289335
ENST00000648042.1	TJP2	-8.407744952	-2.037518992	22.88462576	1.72E-06	0.0007743206717
ENST00000639785.2	CASR	-2.259908465	1.610534491	22.83240757	1.77E-06	0.0007942326735
ENST00000533458.1	C2CD2L	7.241422466	-3.063623162	22.76290492	1.83E-06	0.0008220212671
ENST00000564907.5	ADGRG1	-9.468023149	-1.042567665	22.73304653	1.86E-06	0.0008334154838
ENST00000523629.6	RUNX1T1	-6.210430083	-2.316122549	22.66544689	1.93E-06	0.0008617315122
ENST00000497970.5	TRIM45	-7.2215779	-3.077407652	22.64731345	1.95E-06	0.0008683684243
ENST00000469520.6	BPNT1	7.539484005	-2.812466151	22.61693021	1.98E-06	0.0008806564034
ENST00000528570.1	TTC36	7.687362089	-2.683614391	22.58683726	2.01E-06	0.0008929867919
ENST00000348787.6	CREM	-7.900244149	-2.494741153	22.57232112	2.02E-06	0.0008981811116
ENST00000673759.1	ENSG00000287677	-2.37015262	1.046747245	22.53708467	2.06E-06	0.0009132053081
ENST00000531846.1	ENSG00000255233	-7.109486723	-3.16953578	22.4334107	2.18E-06	0.0009621622858
ENST00000689650.1	SAA1	-1.205393262	3.454070354	22.41272296	2.20E-06	0.000970019246
ENST00000628543.2	XIRP2	-7.50391074	-2.840330594	22.41108629	2.20E-06	0.000970019246
ENST00000528349.5	SAA2	-2.630818145	0.5929205727	22.38574755	2.23E-06	0.0009794868137
ENST00000416232.5	ENSG00000290600	7.825902104	-2.563697986	22.38326787	2.23E-06	0.0009794868137
ENST00000688899.1	ERMP1	-7.815723376	-2.570796433	22.38241996	2.23E-06	0.0009794868137
ENST00000674178.1	GNL3L	3.051480788	0.7078124138	22.36960039	2.25E-06	0.0009843408054
ENST00000491833.5	SSR4	7.552012476	-2.800743851	22.32503769	2.30E-06	0.001005708946
ENST00000393062.6	SPIRE2	8.015012277	-2.393432124	22.31982294	2.31E-06	0.001006704966
ENST00000449431.6	NDRG2	-7.046643086	-0.08188082417	37.71699298	8.18E-10	7.87E-07
ENST00000661512.1	ENSG00000286653	-7.240964017	-3.061353871	22.2415155	2.40E-06	0.00104500382
ENST00000696742.1	FAS	7.465931045	-2.875249764	22.18091602	2.48E-06	0.001076662481
ENST00000699862.1	CTC1	-7.160880577	-3.127445895	22.16620228	2.50E-06	0.001083087806
ENST00000611340.5	EPM2A	-8.833191541	-1.643699912	22.06434254	2.64E-06	0.001140156564
ENST00000428946.5	LRRC23	-7.505065405	-2.838382037	22.02179082	2.70E-06	0.00116372522
ENST00000336425.10	TBXAS1	7.260435645	-3.048052106	21.9138998	2.85E-06	0.001228922221
ENST00000661959.1	ENSG00000287643	-7.295237501	-3.016050593	21.88085678	2.90E-06	0.001248140037
ENST00000452663.1	NPM1P13	7.018929856	-3.245977043	21.86003813	2.93E-06	0.001259613032
ENST00000698814.1	STAT5B	-8.252756012	-2.178411991	21.84499547	2.96E-06	0.001265753777
ENST00000685037.1	PCBP1-AS1	-8.09684994	-2.32179155	21.84420185	2.96E-06	0.001265753777
ENST00000692768.1	KRAS	7.17175105	-3.121324468	21.80983743	3.01E-06	0.001286450699
ENST00000642580.1	TLR2	-1.129379752	3.82670789	21.79970042	3.03E-06	0.001291084566
ENST00000695513.1	AP3B1	-9.884464758	-0.6427647588	21.76781937	3.08E-06	0.001310507546
ENST00000443565.3	LINC01781	-7.122884119	-3.158606984	21.73016644	3.14E-06	0.001334235943
ENST00000469073.2	DLG1	8.012153185	-2.399471064	21.70540323	3.18E-06	0.00134743992
ENST00000415214.2	RPL32P35	-7.165087885	-3.124088316	21.7048374	3.18E-06	0.00134743992
ENST00000647869.1	MSL3	-8.912795431	-1.570844783	21.69203226	3.20E-06	0.001354196099
ENST00000464125.1	FAM3D-AS1	-7.257602556	-3.047669989	21.68560693	3.21E-06	0.001356471268
ENST00000498707.5	ADAMTS9	-0.9893507793	6.354108686	21.67770279	3.23E-06	0.001359801983
ENST00000317268.7	SEPTIN4	7.397521175	-2.932277926	21.64165219	3.29E-06	0.001383294435
ENST00000513203.2	NCOA4P3	-1.983225722	1.359069974	21.63752364	3.29E-06	0.001383972256
ENST00000602305.5	MAP2K4	-7.43180623	-2.901898056	21.61949032	3.32E-06	0.001394728557
ENST00000496190.1	GPD2	8.336008055	-2.107079464	21.6120946	3.34E-06	0.001397798765
ENST00000555686.1	FOS	1.251508307	4.513006401	21.50654628	3.53E-06	0.001474441492
ENST00000575411.2	CYB5D2	-8.400903375	-2.043577228	21.4885607	3.56E-06	0.001485879394
ENST00000560670.5	TNFAIP2	-10.0853165	-0.4465139	21.48006082	3.58E-06	0.001490021519
ENST00000653783.1	ENSG00000263547	-7.514189477	-2.83191313	21.47567075	3.58E-06	0.001490980364
ENST00000477806.5	SET	7.976278641	-2.428649148	21.45244174	3.63E-06	0.001506673996
ENST00000523718.5	MTUS1	7.763436615	-2.616807221	21.41996934	3.69E-06	0.001528718176
ENST00000416337.1	RTL10	-7.736737033	-2.638756747	21.41830451	3.69E-06	0.001528718176
ENST00000681354.1	ACER3	7.803090864	-2.584535154	21.39149929	3.74E-06	0.001547707577
ENST00000619065.1	PPP1R26P4	-4.480510466	-1.400675861	21.38567346	3.76E-06	0.001549885137
ENST00000646074.1	CTNNB1	7.623734469	-2.738425524	21.38139124	3.76E-06	0.001550820832
ENST00000648257.1	ENSG00000285858	-7.349367337	-2.971276739	21.28161901	3.97E-06	0.001631013057
ENST00000525115.1	PGBD5	-7.506035226	-2.839231514	21.23306984	4.07E-06	0.001670135569
ENST00000700871.1	ENSG00000229425	-7.047544962	-3.219872399	21.22390501	4.09E-06	0.001675420695
ENST00000409380.5	SLC3A1	-6.975745268	-3.277782982	21.21751054	4.10E-06	0.001678299521
ENST00000702586.1	SNHG29	7.313577095	-3.004000136	21.19502575	4.15E-06	0.00169536102
ENST00000380602.3	EGFL6	-7.294510823	-3.017097585	21.11888246	4.32E-06	0.001761230748
ENST00000580146.1	DCC	-6.946847909	-3.300807341	21.10788054	4.34E-06	0.001768519009
ENST00000679899.1	ADAR	2.476940228	2.479521588	21.06339994	4.44E-06	0.001807141588
ENST00000477305.5	HTD2	9.067502321	-1.422070749	21.04854074	4.48E-06	0.001818287039
ENST00000510676.6	PTCD2	7.394216099	-2.936490584	20.99008648	4.62E-06	0.001871611899
ENST00000359139.7	PPP6R2	-1.262876353	3.857751833	20.96189751	4.69E-06	0.001895895283
ENST00000656387.2	MIR100HG	-1.865452783	1.62213591	20.95826736	4.69E-06	0.001895895283
ENST00000216658.9	PAPLN	-2.699243775	1.118738093	20.9562011	4.70E-06	0.001895895283
ENST00000418113.5	FAM161A	7.645091433	-2.722358788	20.91879118	4.79E-06	0.001930204345
ENST00000586571.1	ENSG00000267693	-7.11354838	-3.166215405	20.87879069	4.89E-06	0.001967801503
ENST00000449264.3	TNF	-5.176087451	-1.349509009	20.8707451	4.91E-06	0.001972947727
ENST00000438104.6	TBXAS1	-7.443556482	-2.892220697	20.86111172	4.94E-06	0.001979752984
ENST00000685207.1	MIR22HG	7.022548793	-3.243124879	20.83260377	5.01E-06	0.002006260417
ENST00000485104.2	MARK1	7.054615014	-3.216896152	20.82737145	5.03E-06	0.002008570647
ENST00000455841.6	GTF2IRD1	3.631040202	-0.6760999468	20.79417746	5.11E-06	0.002040462543
ENST00000692196.1	NBEA	-4.635728787	-2.515295751	20.79106429	5.12E-06	0.002040563551
ENST00000428726.8	CD44	-7.019770219	-3.242383833	20.78087	5.15E-06	0.002048228952
ENST00000677531.1	TFEB	8.715741729	-1.756998905	20.75669927	5.21E-06	0.002070987942
ENST00000278590.8	ZC3H12C	-1.092534547	6.217086338	20.75244008	5.23E-06	0.002072345876
ENST00000393423.7	RGL3	7.266635114	-3.043169846	20.70402447	5.36E-06	0.002122083651
ENST00000348655.11	IRF7	-8.500280528	-1.951487304	20.67142964	5.45E-06	0.002155144097
ENST00000641878.1	OR56A3	-7.240002544	-3.0627576	20.62708337	5.58E-06	0.002202202782
ENST00000621189.4	RECQL4	1.542998916	3.379983775	20.60383998	5.65E-06	0.002225629867
ENST00000560207.1	RABGGTA	-8.049834562	-2.364350176	20.600722	5.66E-06	0.002225675952
ENST00000684492.1	CEP63	7.469800583	-2.872513859	20.59784559	5.67E-06	0.002225675952
ENST00000368035.1	LY9	-1.944529988	1.601638878	20.58194979	5.71E-06	0.002240753772
ENST00000546260.5	SOD2	-0.7719473781	6.394636949	20.54138117	5.84E-06	0.002285204406
ENST00000416914.1	MTCO1P8	-7.445407776	-2.890012235	20.51168441	5.93E-06	0.002317346587
ENST00000691329.1	ENSG00000289375	-2.254447649	0.7415782779	20.32333703	6.54E-06	0.002553067252
ENST00000562843.5	CARHSP1	8.05497378	-2.361630897	20.31504507	6.57E-06	0.002560204383
ENST00000636549.1	CACNA1A	-5.774489962	-2.478780584	20.26059544	6.76E-06	0.002630058925
ENST00000628813.2	CCZ1	-8.351582955	-2.089506915	20.24911521	6.80E-06	0.002641824173
ENST00000681470.1	DTNA	-7.795491634	-2.587774652	20.21598906	6.92E-06	0.00268384495
ENST00000675750.1	CEP104	-8.23654688	-2.195143959	20.21042656	6.94E-06	0.002687538241
ENST00000680817.1	TSEN2	7.580787764	-2.778013665	20.19088761	7.01E-06	0.002710978014
ENST00000483500.1	CXCL8	-2.324493894	1.705191088	20.18734786	7.02E-06	0.002711852642
ENST00000403829.7	NDRG2	-5.73934479	1.932719662	18.90510308	1.37E-05	0.004827010394
ENST00000483934.5	PHF12	-2.55418814	0.2819155588	20.14987194	7.16E-06	0.002757088362
ENST00000546557.5	VEZT	9.325695416	-1.177799321	20.07014395	7.47E-06	0.002870080126
ENST00000682396.1	GLUD1	8.436210791	-2.015609939	20.06356616	7.49E-06	0.002875598509
ENST00000543336.5	PIWIL4	7.431963657	-2.903265412	20.02258809	7.65E-06	0.002933431092
ENST00000667427.1	ENSG00000258168	6.795044396	-3.423909575	20.00013665	7.74E-06	0.002963585365
ENST00000466835.5	WBP1	-4.653140348	-1.506436141	19.99295044	7.77E-06	0.002970250378
ENST00000528129.5	PDE4DIP	-5.900571538	-0.9525984114	19.96950479	7.87E-06	0.003002359706
ENST00000590653.5	LINC01140	7.01367924	-3.250352485	19.94529266	7.97E-06	0.003033108748
ENST00000443863.5	MAP3K13	-7.966327232	-2.434917992	19.94426329	7.97E-06	0.003033108748
ENST00000667268.1	NR2F1-AS1	-6.902633518	-3.336096741	19.89074523	8.20E-06	0.003114529968
ENST00000485392.5	ENSG00000284954	7.1196089	-3.163519247	19.86974382	8.29E-06	0.003144212854
ENST00000635916.2	GABRA1	-6.900429766	-3.337878822	19.85650687	8.35E-06	0.003161320597
ENST00000465372.5	ASAP3	-7.047166523	-3.219998008	19.84549771	8.40E-06	0.00317482695
ENST00000006053.7	CX3CL1	-1.11849513	3.511817221	19.82185922	8.50E-06	0.003209534145
ENST00000509931.5	ZNF131	-6.838301742	-3.386877601	19.77203298	8.73E-06	0.003289391621
ENST00000369207.3	ENO4	-7.067848685	-3.203925022	19.75762239	8.79E-06	0.003309355012
ENST00000463485.5	ARMC8	-8.151984735	-2.271325812	19.75394799	8.81E-06	0.003310796748
ENST00000288383.11	MX1	8.70230789	-1.764307278	19.71996805	8.97E-06	0.003365188722
ENST00000446506.1	CYTH4	6.980988568	-3.276291268	19.6949601	9.08E-06	0.003404464449
ENST00000422627.1	ENSG00000237617	-2.388364679	0.7508225744	19.65126039	9.29E-06	0.003470092828
ENST00000579455.2	C18orf63	-6.502516893	-1.381074721	19.65009938	9.30E-06	0.003470092828
ENST00000398585.7	TMPRSS2	-1.816705041	2.122661601	19.65000035	9.30E-06	0.003470092828
ENST00000593534.1	ADAMTS10	-2.230097902	0.6223152065	19.64023534	9.35E-06	0.003482735383
ENST00000419147.6	CROT	8.53506521	-1.924406279	19.63140609	9.39E-06	0.003493720514
ENST00000378633.5	CDK11A	-8.415777808	-2.033019509	19.58715334	9.61E-06	0.003570333812
ENST00000548346.1	NPIPB12	-6.701706422	-3.49307698	19.54727365	9.81E-06	0.003637875843
ENST00000571766.2	OR1P1	-6.659905946	-3.525295246	19.54574731	9.82E-06	0.003637875843
ENST00000695953.1	BACH2	6.63285982	-3.549118129	19.51611912	9.98E-06	0.003689336114
ENST00000587797.1	ATP6V0A1	7.669519227	-2.701065434	19.5073662	1.00E-05	0.003700753339
ENST00000672286.1	APTX	7.258871958	-3.050359937	19.50316342	1.00E-05	0.003700753339
ENST00000537911.5	TRMT10B	8.759239255	-1.712592123	19.50185694	1.01E-05	0.003700753339
ENST00000652504.1	ENSG00000286125	-3.591064641	-1.731532905	19.49841276	1.01E-05	0.003702043326
ENST00000557140.5	NFKBIA	-1.484061544	2.305662435	19.49452412	1.01E-05	0.003702721842
ENST00000563566.5	ARPP19	-8.37857388	-2.065939412	19.49251795	1.01E-05	0.003702721842
ENST00000586382.5	EZH1	-6.826108199	-3.396449389	19.41119915	1.05E-05	0.003858179871
ENST00000440415.1	SOCS5P1	-7.595999654	-2.762092635	19.39799589	1.06E-05	0.003879331542
ENST00000389441.8	TMEM132D	-2.312833548	1.262583307	19.39522045	1.06E-05	0.003879367423
ENST00000412845.1	NEFHP1	-6.895896264	-3.341358746	19.38333099	1.07E-05	0.003894202827
ENST00000332821.8	SERPINB3	-2.403436331	0.3072655085	19.38007168	1.07E-05	0.003894202827
ENST00000578424.2	FASN	-1.543183548	2.136362832	19.37968189	1.07E-05	0.003894202827
ENST00000696810.1	GINS1	7.768070289	-2.615223444	19.37436462	1.07E-05	0.003899458211
ENST00000679596.1	ERCC6	7.844754592	-2.548655348	19.33947379	1.09E-05	0.003961884977
ENST00000412911.5	STX16	-7.178641758	-3.113683832	19.33856425	1.09E-05	0.003961884977
ENST00000567672.1	MT1F	-6.665745373	-3.520759579	19.33241885	1.10E-05	0.003968978024
ENST00000409486.6	PPM1B	-8.247185956	-2.18322643	19.31052729	1.11E-05	0.004009016433
ENST00000583896.1	ERN1	-7.179914482	-3.112832064	19.29862616	1.12E-05	0.004028336026
ENST00000659256.1	LINC02817	-6.701677932	-3.493134317	19.28586315	1.13E-05	0.004049585201
ENST00000483204.2	GCNT2	-7.015325704	-3.245474061	19.27292577	1.13E-05	0.004071327267
ENST00000589042.5	TTN	-8.255280698	-2.174967659	19.25591706	1.14E-05	0.004101933143
ENST00000690862.1	IFT122	7.569193439	-2.78836173	19.24628805	1.15E-05	0.004116834386
ENST00000687634.1	KIF22	-7.501053477	-2.844051249	19.21496791	1.17E-05	0.004179012718
ENST00000263056.6	MAP3K8	-1.751735201	2.164209806	19.20461568	1.17E-05	0.004195801966
ENST00000608453.1	PRKCQ-AS1	-6.757574373	-3.449955691	19.16528438	1.20E-05	0.004277109465
ENST00000682294.1	PCBP1-AS1	-7.050780655	-3.217891946	19.15233203	1.21E-05	0.004300166223
ENST00000262539.7	PTPN3	7.161365419	-3.129400975	19.08946374	1.25E-05	0.004437918566
ENST00000696786.1	PTK2	-7.761472951	-2.615506236	19.07120448	1.26E-05	0.004474289748
ENST00000371826.4	IFIT2	1.15642449	3.707055767	19.05078042	1.27E-05	0.00451608979
ENST00000555739.5	KLHDC2	3.976657695	0.4039748625	19.03535201	1.28E-05	0.004546373834
ENST00000392746.7	RFX5	-8.765111839	-1.705079103	18.99212536	1.31E-05	0.0046440367
ENST00000380036.10	TEK	6.823251809	-3.40196978	18.98756096	1.32E-05	0.004648657702
ENST00000674982.1	LIPN	-7.333482898	-2.985669648	18.97420535	1.32E-05	0.00467478217
ENST00000581977.7	IKBKE	-0.8128572536	5.541746574	18.96644143	1.33E-05	0.004687306138
ENST00000553882.2	ACTN1	7.990413501	-2.41398073	18.90790471	1.37E-05	0.004826630356
ENST00000397847.6	NDRG2	-9.960944376	-0.5671493845	55.60636821	8.85E-14	1.52E-10
ENST00000441997.5	EPCAM-DT	-6.898745912	-3.338889579	18.8974178	1.38E-05	0.004839773827
ENST00000447829.6	MLH1	6.797288035	-3.422153324	18.88231936	1.39E-05	0.00486758487
ENST00000398774.6	PLEC	7.569711821	-2.787184018	18.881203	1.39E-05	0.00486758487
ENST00000367157.6	NUAK2	-0.9872678194	4.011290495	18.84682265	1.42E-05	0.004949266285
ENST00000369039.9	ADAMTSL4	7.214106377	-3.085371557	18.83674315	1.42E-05	0.004962985565
ENST00000441973.1	UBE2D3P4	-6.628326038	-3.549322411	18.83628078	1.42E-05	0.004962985565
ENST00000367055.8	SOD2	-0.9465327595	4.554328293	18.82422119	1.43E-05	0.004987594102
ENST00000456297.6	DNMT3B	-8.54290124	-1.911181653	18.82130975	1.44E-05	0.004988351629
ENST00000542218.2	TCF19	-1.720225794	1.876709711	18.77975521	1.47E-05	0.00509123587
ENST00000682923.1	DTNA	7.350706634	-2.972179145	18.77456618	1.47E-05	0.005098113891
ENST00000424393.5	TOP3B	-8.022018929	-2.387081682	18.75207688	1.49E-05	0.005151532532
ENST00000461347.5	NCL	-2.134536243	1.002458305	18.74813837	1.49E-05	0.005155130651
ENST00000419632.6	STXBP6	-6.937231294	-3.309008042	18.73503955	1.50E-05	0.005183581031
ENST00000691158.1	SET	8.574443073	-1.888670745	18.61935276	1.60E-05	0.005499597289
ENST00000665400.1	ENSG00000231881	-1.038956155	3.701868577	18.6150277	1.60E-05	0.005499597289
ENST00000376423.8	GRIPAP1	1.082000222	4.092970431	18.61441621	1.60E-05	0.005499597289
ENST00000545257.6	TCF7L2	-6.922238748	-3.320074345	18.59976553	1.61E-05	0.005534504938
ENST00000336395.6	TESK1	2.511684333	1.408560666	18.59563548	1.62E-05	0.005538992671
ENST00000573150.5	SGSH	-1.711531075	1.813917453	18.57999624	1.63E-05	0.005577064151
ENST00000222339.7	ZNF574	-5.91531863	-1.273932583	18.55567429	1.65E-05	0.005641045885
ENST00000577297.5	USP2-AS1	6.982884685	-3.275706366	18.5489957	1.66E-05	0.005653205654
ENST00000446165.2	ZNF791	7.412522747	-2.917640749	18.53071435	1.67E-05	0.005699994072
ENST00000675458.1	ELP1	8.116073475	-2.306459982	18.51952274	1.68E-05	0.005719462446
ENST00000490319.1	MBP	-2.122264699	0.7419388302	18.51904556	1.68E-05	0.005719462446
ENST00000515318.6	ENSG00000290879	6.632480999	-3.549573463	18.51652465	1.68E-05	0.005719462446
ENST00000697265.1	ANKRD20A1	6.45444734	-3.683111086	18.51097174	1.69E-05	0.005728460704
ENST00000678674.1	STAT3	6.645132455	-3.539837716	18.4951664	1.70E-05	0.005768430222
ENST00000666979.1	LINC02018	6.449023057	-3.687286277	18.48192387	1.72E-05	0.005800884977
ENST00000299759.11	RRAD	-0.9726002499	4.593910618	18.45907031	1.74E-05	0.005863027792
ENST00000659981.1	ENSG00000287708	-6.516555893	-3.633434753	18.44100742	1.75E-05	0.005910972183
ENST00000460813.5	CCDC191	-6.522521634	-3.629350979	18.43705638	1.76E-05	0.005915353185
ENST00000698477.1	SKIC3	-6.743764888	-3.460589984	18.42429688	1.77E-05	0.005947174905
ENST00000622854.2	LINC02575	-1.980444786	1.693640466	18.40351792	1.79E-05	0.00600354745
ENST00000533501.5	TTC36	-7.386248565	-2.941037037	18.40125854	1.79E-05	0.00600354745
ENST00000419201.1	AHCYP4	-2.373216671	0.6793587046	18.39769647	1.79E-05	0.006006814343
ENST00000591194.5	SLC44A2	6.710611484	-3.489572384	18.39100457	1.80E-05	0.006019973829
ENST00000357123.8	MCRS1	7.035544652	-3.232230525	18.34194731	1.85E-05	0.006168826325
ENST00000564543.1	ENSG00000260272	-6.747029061	-3.458156381	18.33460101	1.85E-05	0.006180372096
ENST00000434760.5	NUP50	6.696027204	-3.500897243	18.33324659	1.85E-05	0.006180372096
ENST00000570600.5	TMEM256-PLSCR3	-6.695010818	-3.498325485	18.33028094	1.86E-05	0.006180372096
ENST00000584240.5	SAP30BP	6.761564076	-3.449701413	18.32834439	1.86E-05	0.006180372096
ENST00000559366.1	SNHG21	-7.317552594	-2.999533489	18.30631995	1.88E-05	0.006244031808
ENST00000262961.9	ZFR2	-6.849154946	-3.378088023	18.25097603	1.94E-05	0.006419677012
ENST00000509777.5	INPP4B	8.422824407	-2.021799218	18.2307986	1.96E-05	0.006479551494
ENST00000525659.5	CSF1	-6.555375487	-3.604440099	18.19693175	1.99E-05	0.006587175562
ENST00000505366.1	ZFR	7.39146315	-2.937049233	18.18809528	2.00E-05	0.006609169857
ENST00000341184.7	MGAT3	-2.317499638	0.1912553524	18.18553021	2.00E-05	0.006609448868
ENST00000453575.5	IKZF2	-8.382054084	-2.064672808	18.13377267	2.06E-05	0.006782702563
ENST00000361484.5	LRRC10	-3.098160793	-1.10122553	18.12597037	2.07E-05	0.00680169425
ENST00000488731.6	MUTYH	-7.443376689	-2.892416811	18.09673968	2.10E-05	0.006897943055
ENST00000511766.2	ASF1A	7.663703889	-2.701822886	18.09280189	2.10E-05	0.006903258097
ENST00000430050.2	LINC02181	-6.448422499	-3.684392482	18.08101857	2.12E-05	0.006937114574
ENST00000434127.3	SPRY4	1.00051359	5.477013671	18.05280197	2.15E-05	0.007024843683
ENST00000376717.6	PRUNE2	6.478916488	-3.665370749	18.05216558	2.15E-05	0.007024843683
ENST00000644970.1	SNX27	3.568070853	-2.03676866	18.03290132	2.17E-05	0.007087130365
ENST00000464356.6	MEF2D	-7.838625053	-2.551067367	18.0299229	2.17E-05	0.007089079524
ENST00000506879.5	FAM193B	7.852992401	-2.541641879	18.016347	2.19E-05	0.007129163533
ENST00000439464.6	DMBT1L1	-6.882635531	-3.352549191	18.01310338	2.19E-05	0.007129163533
ENST00000559195.5	TNFAIP2	-1.131294155	3.194997974	18.01184334	2.20E-05	0.007129163533
ENST00000264144.5	LAMC2	-0.6941716141	6.643052476	17.93116782	2.29E-05	0.007428276809
ENST00000649623.1	ENSG00000285818	-2.408490198	-0.02216550898	17.92000333	2.30E-05	0.00745631536
ENST00000644641.2	SLC18A2	-5.473087981	-2.919814767	17.91912335	2.30E-05	0.00745631536
ENST00000488134.5	TMEM182	-6.492604843	-3.6512521	17.83501093	2.41E-05	0.007783314116
ENST00000622364.4	UNC93B1	-3.359911377	2.2495109	17.81514171	2.43E-05	0.007854982173
ENST00000430477.6	RUSF1	6.387405046	-3.732193318	17.78299134	2.48E-05	0.007978662241
ENST00000423145.7	CD70	-7.985956768	-2.416297227	17.76990357	2.49E-05	0.008023515646
ENST00000189444.11	NFKB2	-0.8315134635	5.380836124	17.76568418	2.50E-05	0.008031112137
ENST00000655053.1	ENSG00000286788	-1.844707509	1.712072108	17.69675975	2.59E-05	0.008316856728
ENST00000684630.1	PCBP1-AS1	6.665943834	-3.52430587	17.59896347	2.73E-05	0.008744589941
ENST00000518463.1	ENSG00000253175	-6.113283913	-2.371661971	17.58582691	2.75E-05	0.008779935515
ENST00000469028.2	SNU13	4.697822657	-2.109660674	17.58513674	2.75E-05	0.008779935515
ENST00000483629.5	EWSR1	-4.669862109	-1.089436115	17.58407544	2.75E-05	0.008779935515
ENST00000679482.1	DMD	-7.106314246	-3.17379263	17.54863912	2.80E-05	0.008933808098
ENST00000694924.1	MTARC1	7.400236432	-2.928227742	17.52549113	2.83E-05	0.009031844894
ENST00000657847.1	ENSG00000240497	-6.513012567	-3.636269329	17.50094297	2.87E-05	0.009137705673
ENST00000568797.3	AQP4-AS1	-5.315945528	-3.049825225	17.46582644	2.93E-05	0.009296365897
ENST00000586113.1	FOSB	1.097409189	4.723947302	17.45623865	2.94E-05	0.009331647152
ENST00000405223.6	PLEKHH2	7.908463046	-2.489519832	17.44344689	2.96E-05	0.009382879269
ENST00000526646.2	ENSG00000254921	-7.088529082	-3.188148371	17.42161488	2.99E-05	0.009479385454
ENST00000664323.1	ENSG00000287901	-5.282645949	-3.08166305	17.4162831	3.00E-05	0.009490460155
ENST00000699562.1	UNG	8.147863003	-2.272033227	17.41464342	3.01E-05	0.009490460155
ENST00000383572.3	TXNRD3	-1.890679913	0.9767609731	17.34908166	3.11E-05	0.009811293111
ENST00000531269.5	PRR5L	-6.372513155	-3.74007973	17.33331543	3.14E-05	0.009880707335
ENST00000584156.5	CCDC102B	-6.058646389	-0.2708849688	17.32809734	3.15E-05	0.009883948546
ENST00000646685.1	OOSP1	-5.276736636	-3.086435323	17.32796482	3.15E-05	0.009883948546
ENST00000417797.1	USP9YP13	-6.493441736	-3.650870186	17.30710823	3.18E-05	0.009962112279
ENST00000497870.1	PLS3	-6.938134245	-3.309217311	17.3064486	3.18E-05	0.009962112279
ENST00000675706.1	GDAP1	6.93675718	-3.313188746	17.30592725	3.18E-05	0.009962112279
ENST00000596697.1	SLC1A6	-5.277744151	-3.080997748	17.30223813	3.19E-05	0.009969133368
ENST00000529569.1	MTCO1P15	-6.454712732	-3.67957035	17.29563518	3.20E-05	0.009991484271
ENST00000360666.6	ATG5	-7.56410079	-2.789152541	17.27253355	3.24E-05	0.01010122974
ENST00000677634.1	DNMT1	-1.322835104	2.966228203	17.24592202	3.28E-05	0.01023108675
ENST00000379071.4	FABP9	-6.913707538	-3.327563141	17.2410287	3.29E-05	0.01024485417
ENST00000655480.1	AHI1-DT	-7.056275021	-3.212491587	17.21514169	3.34E-05	0.01037264465
ENST00000428236.5	EOLA1	7.894917229	-2.498743259	17.21009474	3.35E-05	0.01038747614
ENST00000580190.5	ENSG00000291063	-6.072923483	-0.08087813092	17.20439827	3.36E-05	0.01040590201
ENST00000647740.1	LINC02852	-6.395154326	-3.723032448	17.18286378	3.39E-05	0.01051165045
ENST00000504687.6	LMNA	7.338066581	-2.985319736	17.15426056	3.45E-05	0.01065808526
ENST00000691194.1	ENSG00000289583	-4.013812744	-0.9968005987	17.15135514	3.45E-05	0.01066136673
ENST00000286621.7	ADK	-6.703219912	-3.49151527	17.14649617	3.46E-05	0.0106756393
ENST00000406958.5	ANKMY1	6.36215048	-3.750836041	17.12019669	3.51E-05	0.01081130155
ENST00000433736.6	ITGAV	-1.850956659	5.052851871	17.0886591	3.57E-05	0.01096782064
ENST00000576812.5	TNK1	7.276784849	-3.036627631	17.08827698	3.57E-05	0.01096782064
ENST00000436764.8	SNHG17	6.661382381	-3.527033922	17.07017209	3.60E-05	0.01105944322
ENST00000569474.5	RIPOR1	6.3874105	-3.732254714	17.05884141	3.62E-05	0.0111121418
ENST00000546583.5	KRT8	1.443431668	2.475451321	17.02058102	3.70E-05	0.01131147466
ENST00000445217.5	ZNF793	-4.74673738	0.1549781042	17.02048252	3.70E-05	0.01131147466
ENST00000346454.7	DRD2	-6.707742054	-3.489299161	16.99846057	3.74E-05	0.01142961035
ENST00000680270.1	ADAR	0.9314115362	5.618803707	16.95303875	3.83E-05	0.01169223159
ENST00000377181.2	KCNIP3	7.846067368	-2.54584474	16.93622807	3.87E-05	0.01177082068
ENST00000589548.6	CXXC1	-7.977953215	-2.426167831	16.93515586	3.87E-05	0.01177082068
ENST00000517807.1	ENSG00000253510	-6.52124811	-3.630049435	16.93346385	3.87E-05	0.01177082068
ENST00000415978.2	EEF1A1P31	-6.769430323	-3.440179867	16.90809409	3.92E-05	0.01191486823
ENST00000640385.1	KCTD7	-6.708212566	-3.487710482	16.87427581	3.99E-05	0.01211451078
ENST00000476789.5	MUTYH	-7.024483225	-3.237281163	16.86421012	4.02E-05	0.01216091163
ENST00000618765.1	RRP12	7.761804408	-2.618121789	16.86247386	4.02E-05	0.01216091163
ENST00000678951.1	UGP2	6.332249462	-3.772349905	16.85396447	4.04E-05	0.0121885681
ENST00000682075.1	TLK2	-8.205690878	-2.225467445	16.85362729	4.04E-05	0.0121885681
ENST00000414617.1	RPS5P3	-6.514386189	-3.635367434	16.84930707	4.05E-05	0.01220178393
ENST00000517740.1	ENSG00000237586	-6.53160988	-3.622293822	16.83831658	4.07E-05	0.01225803847
ENST00000612828.4	CNTNAP3B	-7.431786341	-2.903719346	16.80868614	4.13E-05	0.01243612396
ENST00000698023.1	SMARCD2	-7.229226118	-3.073007632	16.78087378	4.20E-05	0.01260474813
ENST00000578236.5	ASPSCR1	-7.078688494	-3.193880031	16.77041421	4.22E-05	0.01265289905
ENST00000585484.1	LINC01482	-6.556987436	-3.603446486	16.76880879	4.22E-05	0.01265289905
ENST00000324501.10	PSEN1	-1.965142285	2.677880019	16.76689031	4.23E-05	0.01265289905
ENST00000649042.1	ADAR	-6.174742565	4.180726498	16.76098717	4.24E-05	0.01267732187
ENST00000443271.2	ELMOD1	-6.633586439	-3.545873686	16.74195246	4.28E-05	0.01279002352
ENST00000681320.1	COL7A1	-0.6314693041	8.27328122	16.72386334	4.32E-05	0.01289732234
ENST00000686215.1	KATNAL2	-6.302332494	-3.790765721	16.68292642	4.42E-05	0.01316312711
ENST00000333172.11	TAS1R1	-1.783712627	1.618643846	16.66978036	4.45E-05	0.01323907039
ENST00000545942.6	CHD4	-1.720286516	2.382192229	16.65582526	4.48E-05	0.01332115406
ENST00000362714.1	Y_RNA	-6.518380308	-3.632085203	16.63183291	4.54E-05	0.01347488658
ENST00000674999.1	LARGE1	-6.419453893	-3.705540777	16.62369111	4.56E-05	0.01351698765
ENST00000641655.1	OR10G3	-6.761257338	-3.448356011	16.61586674	4.58E-05	0.01355697119
ENST00000469025.1	OPTN	-7.249087631	-3.05725238	16.60917264	4.59E-05	0.01358899219
ENST00000475816.5	ST3GAL6-AS1	-6.543593639	-3.613417117	16.58617929	4.65E-05	0.01373867535
ENST00000522918.1	XKR4-AS1	-6.930568294	-3.315324987	16.58205192	4.66E-05	0.01375254167
ENST00000383661.3	DTX3L	-6.63232212	-3.547010589	16.5704656	4.69E-05	0.01382069311
ENST00000547605.5	RBFOX1	-6.451174479	-3.682142235	16.53414433	4.78E-05	0.0140715604
ENST00000580290.2	FTSJ3	7.354261398	-2.965623493	16.52706338	4.80E-05	0.01410778246
ENST00000467227.6	GNAS	6.15650813	-3.896914331	16.52064482	4.81E-05	0.01412573853
ENST00000613634.4	TAFAZZIN	7.20192609	-3.09736751	16.52024698	4.81E-05	0.01412573853
ENST00000507791.5	SLC12A2	-6.217910296	-3.850626408	16.50787403	4.84E-05	0.01420174147
ENST00000413737.2	SLC12A5	6.081021109	-3.949682982	16.48904373	4.89E-05	0.01432688729
ENST00000524391.6	KCNV1	-7.09665857	-3.180264914	16.48524392	4.90E-05	0.01433903345
ENST00000398119.6	INTS6	-9.060094199	-1.43109033	16.44478106	5.01E-05	0.01463144582
ENST00000420541.6	TNFSF10	-0.8327687302	4.855949655	16.4256162	5.06E-05	0.01476306952
ENST00000351817.5	NKX2-4	-1.875426199	1.406300358	16.41303161	5.09E-05	0.01484428457
ENST00000591686.1	FBXO46	-6.748833925	-3.457553424	16.4036157	5.12E-05	0.01489148804
ENST00000655337.3	MAGI2-AS3	-7.283460851	-3.025711396	16.40265105	5.12E-05	0.01489148804
ENST00000648238.1	ENSG00000285911	-6.749171233	-3.455366398	16.39346299	5.15E-05	0.0149466679
ENST00000489835.6	PRRT4	6.628520203	-3.552556855	16.38845872	5.16E-05	0.01496899593
ENST00000702964.1	GAS5	6.844805095	-3.383161852	16.36672833	5.22E-05	0.01512425989
ENST00000512055.5	CPNE4	-6.230394993	-3.84135497	16.35852363	5.24E-05	0.01517249557
ENST00000481511.5	APOA2	-6.521631807	-3.629594832	16.34586857	5.28E-05	0.01525669093
ENST00000481519.5	ZNF783	5.334682075	-2.283502145	16.34318855	5.28E-05	0.01526084019
ENST00000485206.1	COL18A1-AS1	-5.184707702	-2.455738893	16.33518915	5.31E-05	0.01530791763
ENST00000508424.5	SEMA6A-AS1	-5.374624746	-2.703267754	16.28562385	5.45E-05	0.01569559979
ENST00000618262.4	SRRT	-1.098516976	4.00725267	16.28347884	5.45E-05	0.01569559979
ENST00000577692.5	EPN2	7.290848489	-3.023226256	16.27086965	5.49E-05	0.01578244176
ENST00000507408.5	CDV3	6.739438677	-3.468370169	16.24186382	5.57E-05	0.0159905173
ENST00000592945.1	ICAM3	-7.23396773	-3.069281266	16.24147846	5.58E-05	0.0159905173
ENST00000641064.1	OR1D2	-2.008846905	0.7366755601	16.23960541	5.58E-05	0.0159905173
ENST00000592483.5	CAPNS1	-2.79226288	2.430692058	16.21790038	5.65E-05	0.01615647246
ENST00000373012.5	POU3F1	-1.952004227	0.804669038	16.19693951	5.71E-05	0.01630606276
ENST00000407492.5	IL6	-1.040682044	3.415551176	16.19615998	5.71E-05	0.01630606276
ENST00000412350.6	DMRT2	-5.284484931	-1.888096232	16.18323576	5.75E-05	0.01639918496
ENST00000410005.2	C21orf140	-6.841960153	-3.385876456	16.17317254	5.78E-05	0.01646797227
ENST00000415928.6	SLC22A5	-6.711996836	-3.484569675	16.17052862	5.79E-05	0.01647242419
ENST00000451188.7	TMEM151B	-2.355060946	-0.1743030071	16.16157714	5.82E-05	0.01653185791
ENST00000626839.2	KCNQ2	-4.512372894	-2.622675693	16.15494563	5.84E-05	0.01657121965
ENST00000537345.5	ATP1A1	-1.21564194	3.627870715	16.14550694	5.87E-05	0.01662106132
ENST00000472289.5	FGD4	6.245266259	-3.834934528	16.1450105	5.87E-05	0.01662106132
ENST00000692316.1	FAM237B	-2.444740373	-0.07224802913	16.1385314	5.89E-05	0.01665936053
ENST00000680867.1	KMT2C	6.422241374	-3.707255989	16.13074683	5.91E-05	0.01670928328
ENST00000689458.2	STAG3L4	-6.383140626	-3.732045543	16.11643599	5.96E-05	0.01681722948
ENST00000636367.1	SMARCA2	6.122218232	-3.920693804	16.09452586	6.03E-05	0.01699395557
ENST00000697304.1	NBN	-6.48342839	-3.658711778	16.08283711	6.06E-05	0.01708013116
ENST00000654829.1	ENSG00000267284	-2.019238668	0.6583989552	16.06116656	6.13E-05	0.01725749949
ENST00000430885.5	ZNF485	6.158097732	-3.896459909	16.05200752	6.16E-05	0.01732190791
ENST00000445578.5	OCA2	-6.876932306	-3.355566789	16.03947736	6.20E-05	0.01740814884
ENST00000528773.1	SUSD1	-6.921241904	-3.323537695	16.03813933	6.21E-05	0.01740814884
ENST00000320239.11	TFEC	-6.037230262	-3.97585717	16.03630276	6.21E-05	0.01740814884
ENST00000702482.1	LINC01554	-6.118525485	-3.919875703	16.01652572	6.28E-05	0.01757147805
ENST00000673087.1	ENSG00000288330	-6.168699376	-3.885204476	16.00770711	6.31E-05	0.01763400722
ENST00000637363.1	ENSG00000283462	-6.402461986	-3.71809069	16.0002466	6.33E-05	0.01768409239
ENST00000475617.5	CFB	-7.203663081	-3.093924637	15.98754964	6.38E-05	0.0177834639
ENST00000670795.1	PVT1	-8.249556225	-2.186470184	15.93879976	6.54E-05	0.01822728653
ENST00000582163.3	MSMB	-2.521102794	-0.278263025	15.93117792	6.57E-05	0.01827240604
ENST00000439930.7	PCBP2	-6.109448883	-3.925963388	15.92995538	6.57E-05	0.01827240604
ENST00000266671.10	PHLDA1	0.7731435736	6.075594358	15.8806772	6.75E-05	0.0187338134
ENST00000454879.1	RPS3AP8	-5.157638141	-3.230525282	15.85816582	6.83E-05	0.01893720115
ENST00000551317.5	EFCAB2	-6.832452576	-3.393622941	15.83778401	6.90E-05	0.01910814869
ENST00000388920.5	FOXI2	-5.30636221	-3.055094058	15.83701493	6.90E-05	0.01910814869
ENST00000414006.2	ENTPD1-AS1	-5.425748901	-1.122106165	15.81254102	6.99E-05	0.01933574588
ENST00000696276.1	FANCA	-8.537463063	-1.923212807	15.80969616	7.00E-05	0.01934369899
ENST00000604527.1	ENSG00000270852	-6.056928038	-3.96255637	15.80421128	7.02E-05	0.01937869894
ENST00000649142.1	ZNF620	-6.548011466	-3.609708039	15.79254856	7.07E-05	0.01947727966
ENST00000686528.1	DDX21	-2.427945589	0.8500414073	15.73649632	7.28E-05	0.02004116296
ENST00000519209.5	SCIN	-7.061098158	-3.209791199	15.71021133	7.38E-05	0.02029950324
ENST00000430738.5	C7orf57	-8.02737886	-2.384831579	15.70769859	7.39E-05	0.02030441765
ENST00000391769.2	MYADM	2.001952894	0.7606757086	15.68526199	7.48E-05	0.02052442185
ENST00000665448.1	ENSG00000176593	6.697967472	-3.497437717	15.68079904	7.50E-05	0.02055062042
ENST00000486036.1	MOGS	-6.29942794	-3.792577201	15.66266616	7.57E-05	0.02072614336
ENST00000610546.4	PAN2	7.340130589	-2.980344141	15.6495646	7.62E-05	0.02084766307
ENST00000509567.5	RICTOR	-6.979586418	-3.27691139	15.64199278	7.65E-05	0.02090869746
ENST00000506067.1	MFSD14CP	-6.125017441	-3.915932914	15.63847178	7.67E-05	0.02092506583
ENST00000360466.6	UBE2J2	-1.779924016	1.161440271	15.63467788	7.68E-05	0.02094449426
ENST00000678303.1	POMT1	7.58625595	-2.76701873	15.62203441	7.73E-05	0.02106091201
ENST00000368299.7	LMNA	6.488696698	-3.657798794	15.62012483	7.74E-05	0.02106091201
ENST00000579008.1	COP1P1	-3.052720314	-0.6955031658	15.61249351	7.77E-05	0.02112336589
ENST00000649264.1	LINC01569	-6.21871301	-3.850087338	15.59228316	7.86E-05	0.02132744298
ENST00000566232.1	ENSG00000260402	-7.125724431	-3.158845291	15.58121319	7.90E-05	0.02141533062
ENST00000309235.6	ZNF483	-2.718960102	-0.6335521948	15.57941226	7.91E-05	0.02141533062
ENST00000706167.1	ZNF568	-4.564935391	-1.778080405	15.57843116	7.92E-05	0.02141533062
ENST00000490851.5	HDAC9	7.002042143	-3.258798441	15.55522237	8.01E-05	0.02165667266
ENST00000675991.1	FIG4	-6.168222788	-3.88509688	15.51843857	8.17E-05	0.02205861519
ENST00000678945.1	COMT	7.816075065	-2.575342718	15.50750361	8.22E-05	0.02216293384
ENST00000674742.1	GRIN2A	6.387079207	-3.732324605	15.49726203	8.26E-05	0.02225960901
ENST00000583088.6	KCNJ12	-3.282791047	-0.6225845358	15.40630341	8.67E-05	0.02333225525
ENST00000436637.5	RFX5	-6.795876541	-3.419684116	15.392185	8.73E-05	0.02348225417
ENST00000329773.3	MRGPRX2	-6.609374458	-3.565275448	15.3875402	8.76E-05	0.02351505784
ENST00000578798.5	NAT9	5.833164922	-4.115238397	15.38086805	8.79E-05	0.02357321392
ENST00000653499.1	ENSG00000244706	-6.702475289	-3.491624399	15.37576487	8.81E-05	0.02361192753
ENST00000482858.5	PRODH	-6.74590388	-3.45966104	15.35427957	8.91E-05	0.0238566877
ENST00000368471.8	ADAR	-1.590516237	5.748319868	15.34119064	8.97E-05	0.02399714393
ENST00000478370.5	IFT80	6.545875597	-3.615810922	15.33558322	9.00E-05	0.02404305905
ENST00000505053.1	LINC02437	-6.148922267	-3.899186589	15.32498462	9.05E-05	0.02415281707
ENST00000584685.1	PHF12	-6.490480559	0.9173305403	15.31663073	9.09E-05	0.02423429475
ENST00000690864.1	ENSG00000288985	-6.346087974	-3.759312025	15.31352456	9.11E-05	0.02424862298
ENST00000230582.8	PRSS16	6.749923835	-3.461287451	15.30750077	9.14E-05	0.02430048945
ENST00000704812.1	GPAA1	-7.502402437	-2.838105216	15.29359846	9.20E-05	0.02445427515
ENST00000706563.1	PPIL3	-6.918749768	-3.323992032	15.28828284	9.23E-05	0.02449745486
ENST00000553065.1	DDX23	6.187761685	-3.875580323	15.28346497	9.25E-05	0.02453427317
ENST00000549804.7	SNHG14	-5.070969633	-2.079475391	15.26221587	9.36E-05	0.02478585542
ENST00000263665.7	CNTN3	-7.085559693	-3.192295236	15.25502804	9.39E-05	0.02485433432
ENST00000418785.5	TMEM168	-8.084244582	-2.336273706	15.24719333	9.43E-05	0.02493156955
ENST00000687234.1	ZNF83	-7.602142848	-2.760062606	15.23522709	9.49E-05	0.02506384418
ENST00000304311.3	MUCL3	-6.450673024	-3.683038768	15.22992307	9.52E-05	0.02510812472
ENST00000306602.3	CXCL10	-2.4814106	0.6521462442	15.22623525	9.54E-05	0.02513099606
ENST00000519397.1	REPIN1	6.493419852	-3.654618766	15.20915679	9.62E-05	0.02533290789
ENST00000371744.5	ZNFX1	-0.9002025975	3.989804929	15.18621878	9.74E-05	0.02561584669
ENST00000645382.1	KIF25	-6.953901108	-3.293360952	15.10611683	0.0001016334384	0.02669824942
ENST00000490576.1	CYP1B1	6.479916391	-3.664318082	15.09392129	0.0001022921506	0.02682430218
ENST00000505630.5	ARL15	4.334870753	-1.192947251	15.09330849	0.0001023253625	0.02682430218
ENST00000561754.4	TLE7	-2.537097246	-0.1940254723	15.08918413	0.0001025491735	0.0268314358
ENST00000673715.1	MLH1	-1.934606725	2.68422558	15.08889827	0.0001025647045	0.0268314358
ENST00000553385.1	BAZ1A	-2.549483595	-0.05100377337	15.07913883	0.0001030963521	0.02694265537
ENST00000397630.7	PRCD	-6.490821151	-3.653401121	15.06668656	0.000103778721	0.02709299341
ENST00000550185.5	LINC02401	-5.930800922	-4.047693584	15.06086948	0.0001040990461	0.02714860194
ENST00000451224.1	ENSG00000230821	-6.478310615	-3.663292743	15.04991768	0.0001047048232	0.02727846399
ENST00000528391.6	TIAM2	6.559903718	-3.605704606	15.04091871	0.0001052052382	0.02737884175
ENST00000703918.1	HIVEP2	-0.9346839641	4.293271418	15.03910174	0.0001053065676	0.02737884175
ENST00000646076.1	CTCF	5.855524259	-4.099551109	15.03027886	0.0001058000051	0.02747889003
ENST00000373964.2	BRINP1	-2.133194232	1.014118287	15.02748455	0.0001059567673	0.02749137984
ENST00000701817.1	ENSG00000291203	-6.787351133	-3.424428531	15.01939727	0.0001064117862	0.02758114997
ENST00000673193.1	OR2C3	-5.886031508	-4.076448813	15.01463073	0.0001066808892	0.02762259764
ENST00000376705.4	HS6ST3	2.832363311	-1.224072328	14.99111042	0.0001080188296	0.02794042881
ENST00000310190.8	CCS	-5.875271288	-4.084230502	14.96479	0.000109536089	0.02830394638
ENST00000244314.6	IRGC	-5.056615821	-3.260131645	14.93606004	0.0001112167457	0.02870890062
ENST00000485300.1	IL6	-1.171752856	3.245824156	14.89500977	0.0001136632622	0.0293105227
ENST00000648323.1	FOXL2	-2.646956947	-0.7821177631	14.87077663	0.0001151328647	0.02965925768
ENST00000550811.2	TUBA1A	1.911424069	0.6729548914	14.85081541	0.0001163577555	0.02994430735
ENST00000416824.1	LINC00957	6.567770222	-3.598611314	14.84576634	0.0001166696573	0.02999406153
ENST00000482429.1	LTB	-6.572890151	-3.592451369	14.83521334	0.00011732428	0.03013173376
ENST00000368979.6	SNX3	2.274279761	0.2036838895	14.82878717	0.0001177247173	0.03020391194
ENST00000700493.1	TIRAP	-6.687100434	-3.502798581	14.82115676	0.0001182019827	0.03028765251
ENST00000484462.1	RPL21P119	7.186803608	-3.112537112	14.81974394	0.0001182905645	0.03028765251
ENST00000586835.1	TMED1	-2.144187651	1.488186616	14.81411039	0.0001186444463	0.03034605034
ENST00000506753.1	TNIP3	-6.39571921	-3.72235098	14.81229743	0.0001187585576	0.03034605034
ENST00000315274.7	MMP1	-0.7151411771	5.283968871	14.79162397	0.0001200676217	0.03064959273
ENST00000437473.6	MEF2C	-6.037779957	-3.974981858	14.77279759	0.00012127236	0.03092591882
ENST00000397033.7	ITGA4	-7.432219572	-2.903721779	14.74477181	0.0001230883656	0.03135741192
ENST00000625522.3	MAP4K4	-6.554183443	-3.60734268	14.70978851	0.0001253936666	0.031912562
ENST00000646297.2	TSEN15	-6.745811641	-3.461914842	14.69787603	0.0001261885458	0.03208258171
ENST00000649438.1	PPP1R3B-DT	5.225911369	-1.679221795	14.68833124	0.0001268290962	0.03221306238
ENST00000376377.2	IER3	-0.7508279348	5.004648822	14.68227372	0.0001272373128	0.03226415368
ENST00000577447.1	GSDMA	-6.038654125	-3.974296672	14.68156243	0.0001272853334	0.03226415368
ENST00000259206.9	IL1RN	7.07321771	-3.203982655	14.6794813	0.0001274259394	0.03226746219
ENST00000280155.4	ADRA2A	-6.660550317	-3.527131307	14.67260583	0.0001278915749	0.03235298749
ENST00000560157.1	MYEF2	6.243752063	-3.836273581	14.65247923	0.0001292645016	0.03266763187
ENST00000607746.1	LINC01215	-6.342906565	-3.761594019	14.64503234	0.00012977624	0.03276422652
ENST00000596476.1	ZNF85	-2.544840156	1.683123173	14.63128888	0.0001307260298	0.03297111188
ENST00000556616.5	PRMT5	5.686391172	-4.208883231	14.62682818	0.000131035804	0.03301632411
ENST00000552093.1	LIN7A	-6.069140638	-3.954069031	14.60327076	0.0001326840531	0.03339835848
ENST00000691514.2	PMS2P4	6.129505195	-3.916158729	14.59454415	0.0001332999156	0.0335200261
ENST00000588289.1	TMED1	-1.302453314	2.625269284	14.57738087	0.0001345195868	0.03379313696
ENST00000498416.2	DIAPH3	-6.365906585	-3.743594053	14.55716939	0.0001359702868	0.0341236859
ENST00000566775.2	UBE2I	6.22694592	-3.848047559	14.55306153	0.000136267053	0.0341642705
ENST00000520141.5	CDK16	-6.697913778	-3.493675308	14.5473217	0.0001366828114	0.03423457839
ENST00000624982.1	ENSG00000280032	-4.980459804	-3.320473987	14.48866213	0.0001410056765	0.03528238181
ENST00000381493.2	ENSG00000205745	-2.365260616	-0.6301481397	14.46561116	0.0001427418396	0.03568151052
ENST00000474783.2	PAX6	-6.449757285	-3.684240962	14.41964332	0.0001462685952	0.03652700797
ENST00000465503.6	STIM2	-0.9448463103	4.112360515	14.41593425	0.0001465569603	0.03656292638
ENST00000664627.1	ENSG00000268362	6.920500463	-3.327553737	14.39978231	0.0001478193976	0.03684154546
ENST00000697882.1	NFKB2	-1.2578211	2.870369311	14.38965476	0.0001486165473	0.03697838026
ENST00000683743.1	BRPF1	-12.61938872	2.05417394	14.38786053	0.0001487582236	0.03697838026
ENST00000452022.1	RETREG2	5.64446924	-4.233751844	14.38724388	0.0001488069474	0.03697838026
ENST00000614510.4	LINC01145	-7.942056767	-2.461955576	14.37942707	0.000149425973	0.03709576767
ENST00000642333.1	ANKRD11	-7.510487518	-2.830110136	14.36051878	0.0001509340937	0.03741839678
ENST00000374851.1	PGAP4	-4.117812372	-2.638348249	14.35943012	0.0001510213902	0.03741839678
ENST00000663426.1	LINC01544	-6.047571754	-3.968375221	14.35458405	0.0001514106	0.03747812358
ENST00000677794.1	G3BP2	-7.395593098	-2.936530055	14.34912955	0.0001518498838	0.03755011614
ENST00000556701.5	DHRS2	-6.235838923	-3.838159931	14.34685844	0.0001520331679	0.03755872514
ENST00000568961.5	ZNF821	-6.877183183	-3.355243561	14.3192136	0.0001542821177	0.0380771277
ENST00000637878.2	PVALEF	-5.733740702	-4.175458169	14.31599765	0.0001545459067	0.03810505567
ENST00000423339.2	CCDC82	-1.381032068	1.827764737	14.30819	0.0001551882204	0.03822616795
ENST00000505176.5	ALPK1	5.953479801	-4.035298105	14.30402745	0.0001555317603	0.03827352185
ENST00000687880.1	GORAB	7.349708063	-2.97478159	14.30214969	0.0001556869839	0.03827448756
ENST00000421412.5	IL17RE	-2.415736939	1.186415702	14.29761824	0.0001560622167	0.03832948649
ENST00000514334.1	ENSG00000251687	-7.010824737	-3.25374595	14.29476967	0.000156298563	0.03835030075
ENST00000522397.5	TCEA1	5.815575592	-4.125382797	14.29240215	0.0001564952701	0.03836135801
ENST00000493995.6	MTMR1	-4.71104942	-2.907428717	14.27620428	0.0001578477872	0.03865544088
ENST00000531630.6	TOR1AIP1	-6.100010692	-3.932727138	14.27141046	0.0001582503226	0.03869166602
ENST00000577054.1	ARRB2	6.253214902	-3.828217418	14.27080058	0.0001583016078	0.03869166602
ENST00000506085.5	ACSF2	-6.79036844	-3.422777137	14.26603957	0.0001587025423	0.03875221963
ENST00000645185.1	PLAC4	-4.230083589	-2.811980259	14.25434176	0.0001596919873	0.03895622123
ENST00000561777.1	ENSG00000261043	-6.952477793	-3.299648581	14.25206135	0.0001598855949	0.03896519021
ENST00000569925.1	USP10	-6.244756629	-3.831140537	14.25028217	0.0001600368129	0.03896519021
ENST00000338888.4	RUNX3	5.749262802	-4.170037713	14.19796141	0.0001645486857	0.04002520204
ENST00000465530.2	CDNF	6.712013755	-3.485437939	14.19292098	0.0001649900556	0.04009400993
ENST00000630255.2	DDX3X	-12.38955661	1.825595708	14.18452577	0.0001657278379	0.04023464741
ENST00000437110.5	TSSC4	-6.354141096	-3.753247245	14.16285395	0.0001676477831	0.04066174015
ENST00000435360.8	GFAP	6.026120132	-3.987149294	14.15186657	0.0001686297158	0.04083804849
ENST00000687418.1	USP54	-6.144582655	-3.90161164	14.15110974	0.000168697566	0.04083804849
ENST00000495305.5	MKRN1	6.694310427	-3.50181144	14.1292742	0.0001706670168	0.04127531222
ENST00000446488.7	NFRKB	13.4479393	2.879108598	14.12548466	0.0001710111644	0.04131904134
ENST00000371691.5	DIPK1B	-1.904337608	1.574894817	14.11981464	0.0001715273937	0.04140422505
ENST00000580498.5	SMG8	7.801486961	-2.577905654	14.11638673	0.00017184025	0.04141357955
ENST00000679225.1	CTSF	6.142763802	-3.906820583	14.11580321	0.0001718935634	0.04141357955
ENST00000677144.1	LAMB1	-2.038537031	1.239121702	14.10985541	0.000172437938	0.04150520462
ENST00000557997.5	TLE3	12.35402769	1.790121788	14.10674145	0.0001727236362	0.04153445218
ENST00000519100.6	PABPC1	-1.263542307	2.3768001	14.10490914	0.0001728919688	0.04153544836
ENST00000678089.1	PFKP	7.093708412	-3.180050298	14.07666297	0.0001755079279	0.04208744778
ENST00000405158.2	SAA1	-1.574642783	1.52539722	14.07650768	0.0001755224191	0.04208744778
ENST00000635816.1	BMPR1A	13.14042704	2.572511528	14.05032007	0.0001779835375	0.04263716994
ENST00000475449.7	MAN1B1	-7.370401776	-2.952485703	14.02299403	0.0001805887168	0.04322033004
ENST00000642756.1	IL12A-AS1	-5.941436167	-4.039949203	14.01817945	0.0001810516872	0.04329017715
ENST00000372948.7	CIZ1	-12.1798361	1.617224636	14.01369215	0.0001814842637	0.04335263188
ENST00000479765.5	WDR49	-6.168475704	-3.885746553	14.01034383	0.0001818077202	0.04338892697
ENST00000590180.3	TPM4	-13.70275749	3.133586032	13.9931697	0.0001834759359	0.04374578177
ENST00000646703.2	HDAC6	5.538091378	-4.298948753	13.98763924	0.0001840164143	0.04380764574
ENST00000547300.2	TRHDE	-5.721856966	-4.181501839	13.9865893	0.0001841192033	0.04380764574
ENST00000550461.1	CSRNP2	6.073044769	-3.955202083	13.98459983	0.0001843141308	0.04380764574
ENST00000640236.1	ENSG00000283973	-1.984525264	1.178026687	13.98343773	0.0001844280897	0.04380764574
ENST00000681683.1	ADAR	7.959574422	8.173954234	13.97218467	0.0001855352712	0.04402929514
ENST00000522859.5	TPT1-AS1	-6.223821971	-3.846505927	13.95150753	0.0001875871648	0.04447450819
ENST00000610290.4	TTN-AS1	6.218863374	-3.853430288	13.94294178	0.0001884438687	0.04463578872
ENST00000603824.1	ENSG00000271042	-5.967505235	-4.022990219	13.93423635	0.0001893185813	0.04480102914
ENST00000509825.1	WDFY3	4.653072267	-2.840608588	13.93106014	0.00018963874	0.04483485171
ENST00000378083.8	KCNAB2	7.004910561	-3.254333317	13.9278007	0.0001899678561	0.04487072689
ENST00000460253.1	CRB2	-5.601721701	-4.256513689	13.92267669	0.0001904864076	0.04495123833
ENST00000464710.2	IL6	-0.8286563476	5.769279586	13.88914029	0.0001939156887	0.04571783748
ENST00000392345.6	CCDC57	5.849792589	-4.103377522	13.87763741	0.00019510619	0.04592967168
ENST00000704585.1	TRIP12	12.1349509	1.572292745	13.87695238	0.0001951773202	0.04592967168
ENST00000587398.1	ICAM5	-6.868131337	-3.367032726	13.8718919	0.000195703582	0.0460107124
ENST00000577506.5	POLG2	-5.745734387	-4.166761441	13.85909942	0.0001970403126	0.04628197025
ENST00000377136.5	OR2H1	-5.925021863	-4.051159674	13.85285019	0.0001976966563	0.04639305986
ENST00000661123.1	MIR3976HG	-6.03508146	-3.977146096	13.84460839	0.0001985656454	0.04655379837
ENST00000674938.1	ELP1	7.466321787	-2.878568478	13.83702642	0.0001993684619	0.04669873939
ENST00000376112.4	ID1	0.7012174018	6.615818308	13.8155276	0.0002016626894	0.04717646361
ENST00000657589.1	GMDS-DT	4.792315632	-2.423605596	13.81442597	0.0002017809624	0.04717646361
ENST00000540566.1	FAM66C	5.611853439	-4.255327318	13.7770473	0.0002058357	0.04806108819
ENST00000591519.1	VPS4B	-6.48586822	-3.658858947	13.77605358	0.0002059446089	0.04806108819
ENST00000665037.1	ENSG00000286756	5.932290817	-4.049985003	13.7728325	0.0002062980294	0.04809919365
ENST00000523710.5	IMPA1	5.180729942	-1.560304223	13.75962638	0.000207753422	0.04837252037
ENST00000366952.1	SLC22A2	-5.817106797	-4.121501936	13.75872835	0.0002078527649	0.04837252037
ENST00000526113.1	INTS11	5.932484249	-4.050128988	13.73870003	0.0002100808426	0.04884611297
ENST00000393321.2	GCC2	7.300524057	-3.010671762	13.73482497	0.000210514699	0.04890204264
ENST00000474042.5	COPS7B	6.793918339	-3.420029819	13.73085103	0.0002109605633	0.04896065653
ENST00000430341.1	MTND1P20	-1.856911145	0.8039845318	13.72742664	0.0002113455343	0.04900504354
ENST00000697850.1	SLC37A4	5.972592509	-4.023015256	13.72290819	0.0002118545817	0.04907809272
ENST00000691456.1	ATP7A	5.67250037	-4.216989734	13.68998564	0.0002156011156	0.04990031603
ENST00000626701.1	SLC12A5	-5.873791241	-4.084704865	13.68795189	0.00021583473	0.04990872333